  正在清理远程项目目录
E:\code\visualst\MSBuild\Microsoft\VC\v170\Microsoft.CppBuild.targets(534,5): warning MSB8028: 中间目录(E:\code\c\c++\TSPDS\obj\x64\Debug\)包含从另一个项目(TSP-DS-LINUX.vcxproj)共享的文件。   这会导致错误的清除和重新生成行为。
  正在验证源
  正在将源远程复制到“121.48.163.120”
  正在验证体系结构
  正在验证体系结构
  正在启动远程生成
  正在编译源:
  CplexBendersSolver.cpp
E:\code\c\c++\TSPDS\TSPDSGraph.h(64,26): warning : conversion from ‘double’ to ‘int’ may change value [-Wfloat-conversion]
E:\code\c\c++\TSPDS\TSPDSGraph.h(71,17): warning : conversion from ‘double’ to ‘int’ may change value [-Wfloat-conversion]
E:\code\c\c++\TSPDS\TSPDSGraph.h(71,17): warning :    71 |         return (v);
E:\code\c\c++\TSPDS\TSPDSGraph.h(71,17): warning :       |                 ^
E:\code\c\c++\TSPDS\TSPDSGraph.h(76,28): warning : conversion from ‘std::vector<std::pair<double, double> >::size_type’ {aka ‘long unsigned int’} to ‘int’ may change value [-Wconversion]
E:\code\c\c++\TSPDS\TSPDSGraph.h(76,28): warning :    76 |         int n = coords.size();
E:\code\c\c++\TSPDS\TSPDSGraph.h(76,28): warning :       |                 ~~~~~~~~~~~^~
/home/qbw/ibm/ILOG/CPLEX_Studio201/concert/include/ilconcert/iloenv.h(1928,10): warning : conversion from ‘IloInt’ {aka ‘long int’} to ‘IloNum’ {aka ‘double’} may change value [-Wconversion]
/home/qbw/ibm/ILOG/CPLEX_Studio201/concert/include/ilconcert/iloenv.h(1931,15): warning : conversion from ‘IloInt’ {aka ‘long int’} to ‘IloNum’ {aka ‘double’} may change value [-Wconversion]
/home/qbw/ibm/ILOG/CPLEX_Studio201/concert/include/ilconcert/iloenv.h(1956,10): warning : conversion from ‘IloInt’ {aka ‘long int’} to ‘IloNum’ {aka ‘double’} may change value [-Wconversion]
/home/qbw/ibm/ILOG/CPLEX_Studio201/concert/include/ilconcert/iloenv.h(1959,15): warning : conversion from ‘IloInt’ {aka ‘long int’} to ‘IloNum’ {aka ‘double’} may change value [-Wconversion]
E:\code\c\c++\TSPDS\CplexBendersSolver.cpp(1964,56): warning : conversion from ‘double’ to ‘int’ may change value [-Wfloat-conversion]
E:\code\c\c++\TSPDS\CplexBendersSolver.cpp(1771,16): warning : unused variable ‘Tlb’ [-Wunused-variable]
E:\code\c\c++\TSPDS\CplexBendersSolver.cpp(1771,16): warning :  1771 |         double Tlb = comput
  CplexF2Solver.cpp
E:\code\c\c++\TSPDS\TSPDSGraph.h(64,26): warning : conversion from ‘double’ to ‘int’ may change value [-Wfloat-conversion]
E:\code\c\c++\TSPDS\TSPDSGraph.h(71,17): warning : conversion from ‘double’ to ‘int’ may change value [-Wfloat-conversion]
E:\code\c\c++\TSPDS\TSPDSGraph.h(71,17): warning :    71 |         return (v);
E:\code\c\c++\TSPDS\TSPDSGraph.h(71,17): warning :       |                 ^
E:\code\c\c++\TSPDS\TSPDSGraph.h(76,28): warning : conversion from ‘std::vector<std::pair<double, double> >::size_type’ {aka ‘long unsigned int’} to ‘int’ may change value [-Wconversion]
E:\code\c\c++\TSPDS\TSPDSGraph.h(76,28): warning :    76 |         int n = coords.size();
E:\code\c\c++\TSPDS\TSPDSGraph.h(76,28): warning :       |                 ~~~~~~~~~~~^~
/home/qbw/ibm/ILOG/CPLEX_Studio201/concert/include/ilconcert/iloenv.h(1928,10): warning : conversion from ‘IloInt’ {aka ‘long int’} to ‘IloNum’ {aka ‘double’} may change value [-Wconversion]
/home/qbw/ibm/ILOG/CPLEX_Studio201/concert/include/ilconcert/iloenv.h(1931,15): warning : conversion from ‘IloInt’ {aka ‘long int’} to ‘IloNum’ {aka ‘double’} may change value [-Wconversion]
/home/qbw/ibm/ILOG/CPLEX_Studio201/concert/include/ilconcert/iloenv.h(1956,10): warning : conversion from ‘IloInt’ {aka ‘long int’} to ‘IloNum’ {aka ‘double’} may change value [-Wconversion]
  DroneScheduler.cpp
E:\code\c\c++\TSPDS\TSPDSGraph.h(64,26): warning : conversion from ‘double’ to ‘int’ may change value [-Wfloat-conversion]
E:\code\c\c++\TSPDS\TSPDSGraph.h(71,17): warning : conversion from ‘double’ to ‘int’ may change value [-Wfloat-conversion]
E:\code\c\c++\TSPDS\TSPDSGraph.h(71,17): warning :    71 |         return (v);
E:\code\c\c++\TSPDS\TSPDSGraph.h(71,17): warning :       |                 ^
E:\code\c\c++\TSPDS\TSPDSGraph.h(76,28): warning : conversion from ‘std::vector<std::pair<double, double> >::size_type’ {aka ‘long unsigned int’} to ‘int’ may change value [-Wconversion]
E:\code\c\c++\TSPDS\TSPDSGraph.h(76,28): warning :    76 |         int n = coords.size();
E:\code\c\c++\TSPDS\TSPDSGraph.h(76,28): warning :       |                 ~~~~~~~~~~~^~
/home/qbw/ibm/ILOG/CPLEX_Studio201/concert/include/ilconcert/iloenv.h(1928,10): warning : conversion from ‘IloInt’ {aka ‘long int’} to ‘IloNum’ {aka ‘double’} may change value [-Wconversion]
/home/qbw/ibm/ILOG/CPLEX_Studio201/concert/include/ilconcert/iloenv.h(1931,15): warning : conversion from ‘IloInt’ {aka ‘long int’} to ‘IloNum’ {aka ‘double’} may change value [-Wconversion]
/home/qbw/ibm/ILOG/CPLEX_Studio201/concert/include/ilconcert/iloenv.h(1956,10): warning : conversion from ‘IloInt’ {aka ‘long int’} to ‘IloNum’ {aka ‘double’} may change value [-Wconversion]
/home/qbw/ibm/ILOG/CPLEX_Studio201/concert/include/ilconcert/iloenv.h(1959,15): warning : conversion from ‘IloInt’ {aka ‘long int’} to ‘IloNum’ {aka ‘double’} may change value [-Wconversion]
E:\code\c\c++\TSPDS\DroneScheduler.cpp(426,23): warning : comparison of integer expressions of different signedness: ‘int’ and ‘std::vector<bool>::size_type’ {aka ‘long unsigned int’} [-Wsign-compare]
E:\code\c\c++\TSPDS\DroneScheduler.cpp(426,23): warning :   426 |     for (int i = 0; i < solution.served_by_drone.size(); i++) {
E:\code\c\c++\TSPDS\DroneScheduler.cpp(426,23): warning :       |                     ~~^~~~~~~~~~~~~~~~~~~~~~~~~~~~~~~~~
E:\code\c\c++\TSPDS\DroneScheduler.cpp(470,23): warning : comparison of integer expressions of different signedness: ‘int’ and ‘std::vector<bool>::size_type’ {aka ‘long unsigned int’} [-Wsign-compare]
E:\code\c\c++\TSPDS\DroneScheduler.cpp(470,23): warning :   470 |     for (int i = 0; i < solution.served_by_drone.size(); i++) {
E:\code\c\c++\TSPDS\DroneScheduler.cpp(470,23): warning :       |                     ~~^~~~~~~~~~~~~~~~~~~~~~~~~~~~~~~~~
E:\code\c\c++\TSPDS\DroneScheduler.cpp(501,12): warning : variable ‘makespan’ set but not used [-Wunused-but-set-variable]
E:\code\c\c++\TSPDS\DroneScheduler.cpp(501,12): warning :   501 |     double makespan = 0.0;
E:\code\c\c++\TSPDS\DroneScheduler.cpp(501,12): warning :       |            ^~~~~~~~
E:\code\c\c++\TSPDS\DroneScheduler.cpp(586,31): warning : comparison of integer expressions of different signedness: ‘std::vector<std::vector<int> >::size_type’ {aka ‘long unsigned int’} and ‘int’ [-Wsign-compare]
E:\code\c\c++\TSPDS\DroneScheduler.cpp(586,31): warning :   586 |     if (bestAssignment.size() < m) {
E:\code\c\c++\TSPDS\DroneScheduler.cpp(586,31): warning :       |         ~~~~~~~~~~~~~~~~~~~~~~^~~
E:\code\c\c++\TSPDS\DroneScheduler.cpp(681,25): warning : conversion from ‘std::vector<double>::size_type’ {aka ‘long unsigned int’} to ‘int’ may change value [-Wconversion]
E:\code\c\c++\TSPDS\DroneScheduler.cpp(681,25): warning :   681 |     return binLoads.size();
E:\code\c\c++\TSPDS\DroneScheduler.cpp(681,25): warning :       |            ~~~~~~~~~~~~~^~
E:\code\c\c++\TSPDS\DroneScheduler.cpp(681,25): warning : /home/qbw/pr
  InitialSolutionGenerator.cpp
E:\code\c\c++\TSPDS\TSPDSGraph.h(64,26): warning : conversion from ‘double’ to ‘int’ may change value [-Wfloat-conversion]
E:\code\c\c++\TSPDS\TSPDSGraph.h(71,17): warning : conversion from ‘double’ to ‘int’ may change value [-Wfloat-conversion]
E:\code\c\c++\TSPDS\TSPDSGraph.h(71,17): warning :    71 |         return (v);
E:\code\c\c++\TSPDS\TSPDSGraph.h(71,17): warning :       |                 ^
E:\code\c\c++\TSPDS\TSPDSGraph.h(76,28): warning : conversion from ‘std::vector<std::pair<double, double> >::size_type’ {aka ‘long unsigned int’} to ‘int’ may change value [-Wconversion]
E:\code\c\c++\TSPDS\TSPDSGraph.h(76,28): warning :    76 |         int n = coords.size();
E:\code\c\c++\TSPDS\TSPDSGraph.h(76,28): warning :       |                 ~~~~~~~~~~~^~
E:\code\c\c++\TSPDS\InitialSolutionGenerator.cpp(14,41): warning : conversion from ‘std::vector<std::pair<double, double> >::size_type’ {aka ‘long unsigned int’} to ‘int’ may change value [-Wconversion]
E:\code\c\c++\TSPDS\InitialSolutionGenerator.cpp(14,41): warning :    14 |     solution.initialize(graph.nodes.size());
E:\code\c\c++\TSPDS\InitialSolutionGenerator.cpp(14,41): warning :       |                         ~~~~~~~~~~~~~~~~^~
E:\code\c\c++\TSPDS\InitialSolutionGenerator.cpp(159,41): warning : conversion from ‘std::vector<std::pair<double, double> >::size_type’ {aka ‘long unsigned int’} to ‘int’ may change value [-Wconversion]
E:\code\c\c++\TSPDS\InitialSolutionGenerator.cpp(159,41): warning :   159 |     solution.initialize(graph.nodes.size());
E:\code\c\c++\TSPDS\InitialSolutionGenerator.cpp(159,41): warning :       |                         ~~~~~~~~~~~~~~~~^~
E:\code\c\c++\TSPDS\InitialSolutionGenerator.cpp(526,41): warning : conversion from ‘std::vector<std::pair<double, double> >::size_type’ {aka ‘long unsigned int’} to ‘int’ may change value [-Wconversion]
E:\code\c\c++\TSPDS\InitialSolutionGenerator.cpp(526,41): warning :   526 |     solution.initialize(graph.nodes.size());
E:\code\c\c++\TSPDS\InitialSolutionGenerator.cpp(526,41): warning :       |                         ~~~~~~~~~~~~~~~~^~
  Activate.c
  AddCandidate.c
E:\code\c\c++\TSPDS\LKH_LIB\AddCandidate.c(44,43): warning : conversion to ‘long unsigned int’ from ‘int’ may change the sign of the result [-Wsign-conversion]
E:\code\c\c++\TSPDS\LKH_LIB\AddCandidate.c(44,43): warning :    44 |                               (Count + 2) * sizeof(Candidate));
E:\code\c\c++\TSPDS\LKH_LIB\AddCandidate.c(44,43): warning :       |                                           ^
  AddExtraCandidates.c
E:\code\c\c++\TSPDS\LKH_LIB\AddExtraCandidates.c(20,68): warning : conversion to ‘long unsigned int’ from ‘int’ may change the sign of the result [-Wsign-conversion]
E:\code\c\c++\TSPDS\LKH_LIB\AddExtraCandidates.c(20,68): warning :    20 |     SavedCandidateSet = (Candidate **) malloc((1 + DimensionSaved) *
E:\code\c\c++\TSPDS\LKH_LIB\AddExtraCandidates.c(20,68): warning :       |                                                                    ^
  AddTourCandidates.c
  AdjustCandidateSet.c
E:\code\c\c++\TSPDS\LKH_LIB\AdjustCandidateSet.c(45,54): warning : conversion to ‘long unsigned int’ from ‘int’ may change the sign of the result [-Wsign-conversion]
E:\code\c\c++\TSPDS\LKH_LIB\AdjustCandidateSet.c(45,54): warning :    45 |                                          (Count + 2) * sizeof(Candidate));
E:\code\c\c++\TSPDS\LKH_LIB\AdjustCandidateSet.c(45,54): warning :       |                                                      ^
  AdjustClusters.c
E:\code\c\c++\TSPDS\LKH_LIB\AdjustClusters.c(17,30): warning : conversion to ‘size_t’ {aka ‘long unsigned int’} from ‘int’ may change the sign of the result [-Wsign-conversion]
E:\code\c\c++\TSPDS\LKH_LIB\AdjustClusters.c(17,30): warning :    17 |     Size = (int *) calloc((K + 1), sizeof(int));
E:\code\c\c++\TSPDS\LKH_LIB\AdjustClusters.c(17,30): warning :       |                           ~~~^~~~
  AllocateStructures.c
E:\code\c\c++\TSPDS\LKH_LIB\AllocateStructures.c(34,33): warning : conversion to ‘size_t’ {aka ‘long unsigned int’} from ‘int’ may change the sign of the result [-Wsign-conversion]
E:\code\c\c++\TSPDS\LKH_LIB\AllocateStructures.c(34,33): warning :    34 |     BestTour = (int *) calloc(1 + Dimension, sizeof(int));
E:\code\c\c++\TSPDS\LKH_LIB\AllocateStructures.c(34,33): warning :       |                               ~~^~~~~~~~~~~
E:\code\c\c++\TSPDS\LKH_LIB\AllocateStructures.c(35,35): warning : conversion to ‘size_t’ {aka ‘long unsigned int’} from ‘int’ may change the sign of the result [-Wsign-conversion]
E:\code\c\c++\TSPDS\LKH_LIB\AllocateStructures.c(35,35): warning :    35 |     BetterTour = (int *) calloc(1 + Dimension, sizeof(int));
E:\code\c\c++\TSPDS\LKH_LIB\AllocateStructures.c(35,35): warning :       |                                 ~~^~~~~~~~~~~
E:\code\c\c++\TSPDS\LKH_LIB\AllocateStructures.c(39,48): warning : conversion to ‘long unsigned int’ from ‘int’ may change the sign of the result [-Wsign-conversion]
E:\code\c\c++\TSPDS\LKH_LIB\AllocateStructures.c(39,48): warning :    39 |     Rand = (unsigned *) malloc((Dimension + 1) * sizeof(unsigned));
E:\code\c\c++\TSPDS\LKH_LIB\AllocateStructures.c(39,48): warning :       |                                                ^
E:\code\c\c++\TSPDS\LKH_LIB\AllocateStructures.c(46,35): warning : conversion to ‘size_t’ {aka ‘long unsigned int’} from ‘int’ may change the sign of the result [-Wsign-conversion]
E:\code\c\c++\TSPDS\LKH_LIB\AllocateStructures.c(46,35): warning :    46 |         CacheSig = (int *) calloc(i, sizeof(int));
E:\code\c\c++\TSPDS\LKH_LIB\AllocateStructures.c(46,35): warning :       |                                   ^
E:\code\c\c++\TSPDS\LKH_LIB\AllocateStructures.c(47,35): warning : conversion to ‘size_t’ {aka ‘long unsigned int’} from ‘int’ may change the sign of the result [-Wsign-conversion]
E:\code\c\c++\TSPDS\LKH_LIB\AllocateStructures.c(47,35): warning :    47 |         CacheVal = (int *) calloc(i, sizeof(int));
E:\code\c\c++\TSPDS\LKH_LIB\AllocateStructures.c(47,35): warning :       |                                   ^
E:\code\c\c++\TSPDS\LKH_LIB\AllocateStructures.c(54,38): warning : conversion to ‘long unsigned int’ from ‘int’ may change the sign of the result [-Wsign-conversion]
E:\code\c\c++\TSPDS\LKH_LIB\AllocateStructures.c(54,38): warning :    54 |     T = (Node **) malloc((1 + 2 * K) * sizeof(Node *));
E:\code\c\c++\TSPDS\LKH_LIB\AllocateStructures.c(54,38): warning :       |                                      ^
E:\code\c\c++\TSPDS\LKH_LIB\AllocateStructures.c(55,35): warning : conversion to ‘long unsigned int’ from ‘int’ may change the sign of the result [-Wsign-conversion]
E:\code\c\c++\TSPDS\LKH_LIB\AllocateStructures.c(55,35): warning :    55 |     G = (GainType *) malloc(2 * K * sizeof(GainType));
E:\code\c\c++\TSPDS\LKH_LIB\AllocateStructures.c(55,35): warning :       |                                   ^
E:\code\c\c++\TSPDS\LKH_LIB\AllocateStructures.c(56,32): warning : conversion to ‘long unsigned int’ from ‘int’ may change the sign of the result [-Wsign-conversion]
E:\code\c\c++\TSPDS\LKH_LIB\AllocateStructures.c(56,32): warning :    56 |     t = (Node **) malloc(6 * K * sizeof(Node *));
E:\code\c\c++\TSPDS\LKH_LIB\AllocateStructures.c(56,32): warning :       |                                ^
E:\code\c\c++\TSPDS\LKH_LIB\AllocateStructures.c(57,43): warning : conversion to ‘long unsigned int’ from ‘int’ may change the sign of the result [-Wsign-conversion]
E:\code\c\c++\TSPDS\LKH_LIB\AllocateStructures.c(57,43): warning :    57 |     tSaved = (Node **) malloc((1 + 2 * K) * sizeof(Node *));
E:\code\c\c++\TSPDS\LKH_LIB\AllocateStructures.c(57,43): warning :       |                                           ^
E:\code\c\c++\TSPDS\LKH_LIB\AllocateStructures.c(58,30): warning : conversion to ‘long unsigned int’ from ‘int’ may change the sign of the result [-Wsign-conversion]
E:\code\c\c++\TSPDS\LKH_LIB\AllocateStructures.c(58,30): warning :    58 |     p = (int *) malloc(6 * K * sizeof(int));
E:\code\c\c++\TSPDS\LKH_LIB\AllocateStructures.c(58,30): warning :       |                              ^
E:\code\c\c++\TSPDS\LKH_LIB\AllocateStructures.c(59,30): warning : conversion to ‘long unsigned int’ from ‘int’ may change the sign of the result [-Wsign-conversion]
E:\code\c\c++\TSPDS\LKH_LIB\AllocateStructures.c(59,30): warning :    59 |     q = (int *) malloc(6 * K * sizeof(int));
E:\code\c\c++\TSPDS\LKH_LIB\AllocateStructures.c(59,30): warning :       |                              ^
E:\code\c\c++\TSPDS\LKH_LIB\AllocateStructures.c(60,33): warning : conversion to ‘long unsigned int’ from ‘int’ may change the sign of the result [-Wsign-conversion]
E:\code\c\c++\TSPDS\LKH_LIB\AllocateStructures.c(60,33): warning :    60 |     incl = (int *) malloc(6 * K * sizeof(int));
E:\code\c\c++\TSPDS\LKH_LIB\AllocateStructures.c(60,33): warning :       |                                 ^
E:\code\c\c++\TSPDS\LKH_LIB\AllocateStructures.c(61,34): warning : conversion
  Ascent.c
  Best2OptMove.c
  Best3OptMove.c
  Best4OptMove.c
  Best5OptMove.c
  BestKOptMove.c
E:\code\c\c++\TSPDS\LKH_LIB\BestKOptMove.c(62,36): warning : conversion to ‘long unsigned int’ from ‘int’ may change the sign of the result [-Wsign-conversion]
E:\code\c\c++\TSPDS\LKH_LIB\BestKOptMove.c(62,36): warning :    62 |         memcpy(t + 1, T + 1, 2 * K * sizeof(Node *));
E:\code\c\c++\TSPDS\LKH_LIB\BestKOptMove.c(62,36): warning :       |                                    ^
E:\code\c\c++\TSPDS\LKH_LIB\BestKOptMove.c(177,56): warning : conversion to ‘long unsigned int’ from ‘int’ may change the sign of the result [-Wsign-conversion]
E:\code\c\c++\TSPDS\LKH_LIB\BestKOptMove.c(177,56): warning :   177 |                             memcpy(T + 1, t + 1, 2 * K * sizeof(Node *));
E:\code\c\c++\TSPDS\LKH_LIB\BestKOptMove.c(177,56): warning :       |                                                        ^
E:\code\c\c++\TSPDS\LKH_LIB\BestKOptMove.c(189,53): warning : conversion to ‘long unsigned int’ from ‘int’ may change the sign of the result [-Wsign-conversion]
E:\code\c\c++\TSPDS\LKH_LIB\BestKOptMove.c(189,53): warning :   189 |                     memcpy(tSaved + 1, t + 1, 2 * k * sizeof(Node *));
E:\code\c\c++\TSPDS\LKH_LIB\BestKOptMove.c(189,53): warning :       |                                                     ^
E:\code\c\c++\TSPDS\LKH_LIB\BestKOptMove.c(198,53): warning : conversion to ‘long unsigned int’ from ‘int’ may change the sign of the result [-Wsign-conversion]
E:\code\c\c++\TSPDS\LKH_LIB\BestKOptMove.c(198,53): warning :   198 |                     memcpy(t + 1, tSaved + 1, 2 * K * sizeof(Node *));
E:\code\c\c++\TSPDS\LKH_LIB\BestKOptMove.c(198,53): warning :       |
  BestSpecialOptMove.c
  Between.c
  Between_SL.c
  Between_SSL.c
  BIT.c
E:\code\c\c++\TSPDS\LKH_LIB\BIT.c(62,32): warning : conversion to ‘long unsigned int’ from ‘int’ may change the sign of the result [-Wsign-conversion]
E:\code\c\c++\TSPDS\LKH_LIB\BIT.c(62,32): warning :    62 |     L = (int *) malloc((n + 1) * sizeof(int));
E:\code\c\c++\TSPDS\LKH_LIB\BIT.c(62,32): warning :       |                                ^
  BridgeGain.c
  BuildKDTree.c
E:\code\c\c++\TSPDS\LKH_LIB\BuildKDTree.c(27,41): warning : conversion to ‘long unsigned int’ from ‘int’ may change the sign of the result [-Wsign-conversion]
E:\code\c\c++\TSPDS\LKH_LIB\BuildKDTree.c(27,41): warning :    27 |     KDTree = (Node **) malloc(Dimension * sizeof(Node *));
E:\code\c\c++\TSPDS\LKH_LIB\BuildKDTree.c(27,41): warning :       |                                         ^
  C.c
E:\code\c\c++\TSPDS\LKH_LIB\C.c(183,9): warning : conversion from ‘double’ to ‘int’ may change value [-Wfloat-conversion]
E:\code\c\c++\TSPDS\LKH_LIB\C.c(183,9): warning :   183 |         (int) Scale * (RRR * PI / 180.0 * fabs(da - db + 5.0 *
E:\code\c\c++\TSPDS\LKH_LIB\C.c(183,9): warning :       |         ^
E:\code\c\c++\TSPDS\LKH_LIB\C.c(196,14): warning : conversion from ‘double’ to ‘int’ may change value [-Wfloat-conversion]
E:\code\c\c++\TSPDS\LKH_LIB\C.c(196,14): warning :   196 |     int dx = (int) Scale * (M_RRR * M_PI / 180.0 * fabs(Na->X
  CandidateReport.c
  ChooseInitialTour.c
E:\code\c\c++\TSPDS\LKH_LIB\ChooseInitialTour.c(188,30): warning : conversion to ‘unsigned int’ from ‘int’ may change the sign of the result [-Wsign-conversion]
E:\code\c\c++\TSPDS\LKH_LIB\ChooseInitialTour.c(188,30): warning :   188 |                 i = Random() % Alternatives;
E:\code\c\c++\TSPDS\LKH_LIB\ChooseInitialTour.c(188,30): warning :       |                              ^
E:\code\c\c++\TSPDS\LKH_LIB\ChooseInitialTour.c(188,30): warning : /home/qbw/pr
  Connect.c
  CreateCandidateSet.c
E:\code\c\c++\TSPDS\LKH_LIB\CreateCandidateSet.c(132,38): warning : conversion from ‘GainType’ {aka ‘long long int’} to ‘double’ may change value [-Wconversion]
E:\code\c\c++\TSPDS\LKH_LIB\CreateCandidateSet.c(132,38): warning :   132 |                     100.0 * (Optimum - LowerBound) / Optimum);
E:\code\c\c++\TSPDS\LKH_LIB\CreateCandidateSet.c(132,38): warning :       |                                      ^
E:\code\c\c++\TSPDS\LKH_LIB\CreateCandidateSet.c(132,52): warning : conversion from ‘GainType’ {aka ‘long long int’} to ‘double’ may change value [-Wconversion]
E:\code\c\c++\TSPDS\LKH_LIB\CreateCandidateSet.c(132,52): warning :   132 |                     100.0 * (Optimum - LowerBound) / Optimum);
E:\code\c\c++\TSPDS\LKH_LIB\CreateCandidateSet.c(132,52): warning :       |                                                    ^
E:\code\c\c++\TSPDS\LKH_LIB\CreateCandidateSet.c(132,52): warning : /home/qbw/projects/TSPDS/LKH
  CreateDelaunayCandidateSet.c
  CreateNNCandidateSet.c
E:\code\c\c++\TSPDS\LKH_LIB\CreateNNCandidateSet.c(23,44): warning : conversion to ‘long unsigned int’ from ‘int’ may change the sign of the result [-Wsign-conversion]
E:\code\c\c++\TSPDS\LKH_LIB\CreateNNCandidateSet.c(23,44): warning :    23 |     XNearList = (Node **) malloc(Dimension * sizeof(Node *));
E:\code\c\c++\TSPDS\LKH_LIB\CreateNNCandidateSet.c(23,44): warning :       |                                            ^
E:\code\c\c++\TSPDS\LKH_LIB\CreateNNCandidateSet.c(24,35): warning : conversion to ‘long unsigned int’ from ‘int’ may change the sign of the result [-Wsign-conversion]
E:\code\c\c++\TSPDS\LKH_LIB\CreateNNCandidateSet.c(24,35): warning :    24 |     To = (Node **) malloc((K + 1) * sizeof(Node *));
E:\code\c\c++\TSPDS\LKH_LIB\CreateNNCandidateSet.c(24,35): warning :       |                                   ^
E:\code\c\c++\TSPDS\LKH_LIB\CreateNNCandidateSet.c(25,35): warning : conversion to ‘long unsigned int’ from ‘int’ may change the sign of the result [-Wsign-conversion]
E:\code\c\c++\TSPDS\LKH_LIB\CreateNNCandidateSet.c(25,35): warning :    25 |     Cost = (int *) malloc((K + 1) * sizeof(int));
E:\code\c\c++\TSPDS\LKH_LIB\CreateNNCandidateSet.c(25,35): warning :       |                                   ^
E:\code\c\c++\TSPDS\LKH_LIB\CreateNNCandidateSet.c(28,22): warning : conversion to ‘size_t’ {aka ‘long unsigned int’} from ‘int’ may change the sign of the result [-Wsign-conversion]
E:\code\c\c++\TSPDS\LKH_LIB\CreateNNCandidateSet.c(28,22): warning :    28 |     qsort(XNearList, Dimension, sizeof(Node *), compareX);
E:\code\c\c++\TSPDS\LKH_LIB\CreateNNCandidateSet.c(28,22): warning :       |                      ^~~~~~~~~
  CreateQuadrantCandidateSet.c
E:\code\c\c++\TSPDS\LKH_LIB\CreateQuadrantCandidateSet.c(50,51): warning : conversion to ‘long unsigned int’ from ‘int’ may change the sign of the result [-Wsign-conversion]
E:\code\c\c++\TSPDS\LKH_LIB\CreateQuadrantCandidateSet.c(50,51): warning :    50 |     XMin = (double *) malloc((1 + DimensionSaved) * sizeof(double));
E:\code\c\c++\TSPDS\LKH_LIB\CreateQuadrantCandidateSet.c(50,51): warning :       |                                                   ^
E:\code\c\c++\TSPDS\LKH_LIB\CreateQuadrantCandidateSet.c(51,51): warning : conversion to ‘long unsigned int’ from ‘int’ may change the sign of the result [-Wsign-conversion]
E:\code\c\c++\TSPDS\LKH_LIB\CreateQuadrantCandidateSet.c(51,51): warning :    51 |     XMax = (double *) malloc((1 + DimensionSaved) * sizeof(double));
E:\code\c\c++\TSPDS\LKH_LIB\CreateQuadrantCandidateSet.c(51,51): warning :       |                                                   ^
E:\code\c\c++\TSPDS\LKH_LIB\CreateQuadrantCandidateSet.c(52,51): warning : conversion to ‘long unsigned int’ from ‘int’ may change the sign of the result [-Wsign-conversion]
E:\code\c\c++\TSPDS\LKH_LIB\CreateQuadrantCandidateSet.c(52,51): warning :    52 |     YMin = (double *) malloc((1 + DimensionSaved) * sizeof(double));
E:\code\c\c++\TSPDS\LKH_LIB\CreateQuadrantCandidateSet.c(52,51): warning :       |                                                   ^
E:\code\c\c++\TSPDS\LKH_LIB\CreateQuadrantCandidateSet.c(53,51): warning : conversion to ‘long unsigned int’ from ‘int’ may change the sign of the result [-Wsign-conversion]
E:\code\c\c++\TSPDS\LKH_LIB\CreateQuadrantCandidateSet.c(53,51): warning :    53 |     YMax = (double *) malloc((1 + DimensionSaved) * sizeof(double));
E:\code\c\c++\TSPDS\LKH_LIB\CreateQuadrantCandidateSet.c(53,51): warning :       |                                                   ^
E:\code\c\c++\TSPDS\LKH_LIB\CreateQuadrantCandidateSet.c(55,55): warning : conversion to ‘long unsigned int’ from ‘int’ may change the sign of the result [-Wsign-conversion]
E:\code\c\c++\TSPDS\LKH_LIB\CreateQuadrantCandidateSet.c(55,55): warning :    55 |         ZMin = (double *) malloc((1 + DimensionSaved) * sizeof(double));
E:\code\c\c++\TSPDS\LKH_LIB\CreateQuadrantCandidateSet.c(55,55): warning :       |                                                       ^
E:\code\c\c++\TSPDS\LKH_LIB\CreateQuadrantCandidateSet.c(56,55): warning : conversion to ‘long unsigned int’ from ‘int’ may change the sign of the result [-Wsign-conversion]
E:\code\c\c++\TSPDS\LKH_LIB\CreateQuadrantCandidateSet.c(56,55): warning :    56 |         ZMax = (double *) malloc((1 + DimensionSaved) * sizeof(double));
E:\code\c\c++\TSPDS\LKH_LIB\CreateQuadrantCandidateSet.c(56,55): warning :       |                                                       ^
E:\code\c\c++\TSPDS\LKH_LIB\CreateQuadrantCandidateSet.c(64,49): warning : conversion to ‘long unsigned int’ from ‘int’ may change the sign of the result [-Wsign-conversion]
E:\code\c\c++\TSPDS\LKH_LIB\CreateQuadrantCandidateSet.c(64,49): warning :    64 |     CandidateSet = (Candidate *) malloc((K + 1) * sizeof(Candidate));
E:\code\c\c++\TSPDS\LKH_LIB\CreateQuadrantCandidateSet.c(64,49): warning :       |                                                 ^
E:\code\c\c++\TSPDS\LKH_LIB\CreateQuadrantCandidateSet.c(103,55): warning : conversion to ‘long unsigned int’ from ‘int’ may change the sign of the result [-Wsign-conversion]
E:\code\c\c++\TSPDS\LKH_LIB\CreateQuadrantCandidateSet.c(103,55): warning :   103 |            (Candidate **) malloc((1 + DimensionSaved) *
E:\code\c\c++\TSPDS\LKH_LIB\CreateQuadrantCandidateSet.c(103,55): warning :       |                                                       ^
E:\code\c\c++\TSPDS\LKH_LIB\CreateQuadrantCandidateSet.c(173,51): warning : conversion to ‘long unsigned int’ from ‘int’ may change the sign of the result [-Wsign-conversion]
E:\code\c\c++\TSPDS\LKH_LIB\CreateQuadrantCandidateSet.c(173,51): warning :   173 |     XMin = (double *) malloc((1 + DimensionSaved) * sizeof(double));
E:\code\c\c++\TSPDS\LKH_LIB\CreateQuadrantCandidateSet.c(173,51): warning :       |                                                   ^
E:\code\c\c++\TSPDS\LKH_LIB\CreateQuadrantCandidateSet.c(174,51): warning : conversion to ‘long unsigned int’ from ‘int’ may change the sign of the result [-Wsign-conversion]
E:\code\c\c++\TSPDS\LKH_LIB\CreateQuadrantCandidateSet.c(174,51): warning :   174 |     XMax = (double *) malloc((1 + DimensionSaved) * sizeof(double));
E:\code\c\c++\TSPDS\LKH_LIB\CreateQuadrantCandidateSet.c(174,51): warning :       |                                                   ^
E:\code\c\c++\TSPDS\LKH_LIB\CreateQuadrantCandidateSet.c(175,51): warning : conversion to ‘long unsigned int’ from ‘int’ may change the sign of the result [-Wsign-conversion]
E:\code\c\c++\TSPDS\LKH_LIB\CreateQuadrantCandidateSet.c(175,51): warning :   175 |     YMin = (double *) malloc((1 + DimensionSaved) * sizeof(double));
E:\code\c\c++\TSPDS\LKH_LIB\CreateQuadrantCandidateSet.c(175,51): warning :       |                                                   ^
E:\code\c\c++\TSPDS\LKH_LIB\CreateQuadrantCandidateSet.c(176,51): warning : conversion to ‘long unsigned int’ from ‘int’ may change the sign of the result [-Wsign-conversion]
E:\code\c\c++\TSPDS\LKH_LIB\CreateQuadrantCandidateSet.c(176,51): warning :   176 |     YMax = (double *) malloc((1 + DimensionSaved) * sizeof(double));
E:\code\c\c++\TSPDS\LKH_LIB\CreateQuadrantCandidateSet.c(176,51): warning :       |                                                   ^
E:\code\c\c++\TSPDS\LKH_LIB\CreateQuadrantCandidateSet.c(178,55): warning : conversion to ‘long unsigned int’ from ‘int’ may change the sign of the result [-Wsign-conversion]
E:\code\c\c++\TSPDS\LKH_LIB\CreateQuadrantCandidateSet.c(178,55): warning :   178 |         ZMin = (double *) malloc((1 + DimensionSaved) * sizeof(double));
E:\code\c\c++\TSPDS\LKH_LIB\CreateQuadrantCandidateSet.c(178,55): warning :       |                                                       ^
E:\code\c\c++\TSPDS\LKH_LIB\CreateQuadrantCandidateSet.c(179,55): warning : conversion to ‘long unsigned int’ from ‘int’ may change the sign of the result [-Wsign-conversion]
E:\code\c\c++\TSPDS\LKH_LIB\CreateQuadrantCandidateSet.c(179,55): warning :   179 |         ZMax = (double *) malloc((1 + DimensionSaved) * sizeof(double));
E:\code\c\c++\TSPDS\LKH_LIB\CreateQuadrantCandidateSet.c(179,55): warning :       |                                                       ^
E:\code\c\c++\TSPDS\LKH_LIB\CreateQuadrantCandidateSet.c(185,49): warning : conversion to ‘long unsigned int’ from ‘int’ may change the sign of the result [-Wsign-conversion]
E:\code\c\c++\TSPDS\LKH_LIB\CreateQuadrantCandidateSet.c(185,49): warning :   185 |     CandidateSet = (Candidate *) malloc((K + 1) * sizeof(Candidate));
E:\code\c\c++\TSPDS\LKH_LIB\CreateQuadrantCandidateSet.c(185,49): warning :       |                                                 ^
E:\code\c\c++\TSPDS\LKH_LIB\CreateQuadrantCandidateSet.c(209,55): warning : conversion to ‘long unsigned int’ fro
  Create_POPMUSIC_CandidateSet.c
E:\code\c\c++\TSPDS\LKH_LIB\Create_POPMUSIC_CandidateSet.c(84,39): warning : conversion to ‘long unsigned int’ from ‘int’ may change the sign of the result [-Wsign-conversion]
E:\code\c\c++\TSPDS\LKH_LIB\Create_POPMUSIC_CandidateSet.c(84,39): warning :    84 |     solution = (int *) malloc((n + 1) * sizeof(int));
E:\code\c\c++\TSPDS\LKH_LIB\Create_POPMUSIC_CandidateSet.c(84,39): warning :       |                                       ^
E:\code\c\c++\TSPDS\LKH_LIB\Create_POPMUSIC_CandidateSet.c(85,37): warning : conversion to ‘long unsigned int’ from ‘int’ may change the sign of the result [-Wsign-conversion]
E:\code\c\c++\TSPDS\LKH_LIB\Create_POPMUSIC_CandidateSet.c(85,37): warning :    85 |     node = (Node **) malloc((n + 1) * sizeof(Node *));
E:\code\c\c++\TSPDS\LKH_LIB\Create_POPMUSIC_CandidateSet.c(85,37): warning :       |                                     ^
E:\code\c\c++\TSPDS\LKH_LIB\Create_POPMUSIC_CandidateSet.c(86,42): warning : conversion to ‘long unsigned int’ from ‘int’ may change the sign of the result [-Wsign-conversion]
E:\code\c\c++\TSPDS\LKH_LIB\Create_POPMUSIC_CandidateSet.c(86,42): warning :    86 |     node_path = (Node **) malloc((n + 1) * sizeof(Node *));
E:\code\c\c++\TSPDS\LKH_LIB\Create_POPMUSIC_CandidateSet.c(86,42): warning :       |                                          ^
E:\code\c\c++\TSPDS\LKH_LIB\Create_POPMUSIC_CandidateSet.c(134,31): warning : conversion from ‘GainType’ {aka ‘long long int’} to ‘double’ may change value [-Wconversion]
E:\code\c\c++\TSPDS\LKH_LIB\Create_POPMUSIC_CandidateSet.c(134,31): warning :   134 |                         100.0 * (cost - Optimum) / Optimum);
E:\code\c\c++\TSPDS\LKH_LIB\Create_POPMUSIC_CandidateSet.c(134,31): warning :       |                               ^
E:\code\c\c++\TSPDS\LKH_LIB\Create_POPMUSIC_CandidateSet.c(134,50): warning : conversion from ‘GainType’ {aka ‘long long int’} to ‘double’ may change value [-Wconversion]
E:\code\c\c++\TSPDS\LKH_LIB\Create_POPMUSIC_CandidateSet.c(134,50): warning :   134 |                         100.0 * (cost - Optimum) / Optimum);
E:\code\c\c++\TSPDS\LKH_LIB\Create_POPMUSIC_CandidateSet.c(134,50): warning :       |                                                  ^
E:\code\c\c++\TSPDS\LKH_LIB\Create_POPMUSIC_CandidateSet.c(146,31): warning : conversion from ‘GainType’ {aka ‘long long int’} to ‘double’ may change value [-Wconversion]
E:\code\c\c++\TSPDS\LKH_LIB\Create_POPMUSIC_CandidateSet.c(146,31): warning :   146 |                         100.0 * (cost - Optimum) / Optimum);
E:\code\c\c++\TSPDS\LKH_LIB\Create_POPMUSIC_CandidateSet.c(146,31): warning :       |                               ^
E:\code\c\c++\TSPDS\LKH_LIB\Create_POPMUSIC_CandidateSet.c(146,50): warning : conversion from ‘GainType’ {aka ‘long long int’} to ‘double’ may change value [-Wconversion]
E:\code\c\c++\TSPDS\LKH_LIB\Create_POPMUSIC_CandidateSet.c(146,50): warning :   146 |                         100.0 * (cost - Optimum) / Optimum);
E:\code\c\c++\TSPDS\LKH_LIB\Create_POPMUSIC_CandidateSet.c(146,50): warning :       |                                                  ^
E:\code\c\c++\TSPDS\LKH_LIB\Create_POPMUSIC_CandidateSet.c(174,24): warning : conversion from ‘GainType’ {aka ‘long long int’} to ‘double’ may change value [-Wconversion]
E:\code\c\c++\TSPDS\LKH_LIB\Create_POPMUSIC_CandidateSet.c(174,24): warning :   174 |                  100.0 * (costMin - Optimum) / Optimum,
E:\code\c\c++\TSPDS\LKH_LIB\Create_POPMUSIC_CandidateSet.c(174,24): warning :       |                        ^
E:\code\c\c++\TSPDS\LKH_LIB\Create_POPMUSIC_CandidateSet.c(174,46): warning : conversion from ‘GainType’ {aka ‘long long int’} to ‘double’ may change value [-Wconversion]
E:\code\c\c++\TSPDS\LKH_LIB\Create_POPMUSIC_CandidateSet.c(174,46): warning :   174 |                  100.0 * (costMin - Optimum) / Optimum,
E:\code\c\c++\TSPDS\LKH_LIB\Create_POPMUSIC_CandidateSet.c(174,46): warning :       |                                              ^
E:\code\c\c++\TSPDS\LKH_LIB\Create_POPMUSIC_CandidateSet.c(175,53): warning : conversion from ‘GainType’ {aka ‘long long int’} to ‘double’ may change value [-Wconversion]
E:\code\c\c++\TSPDS\LKH_LIB\Create_POPMUSIC_CandidateSet.c(175,53): warning :   175 |                  100.0 * ((double) costSum / NB_RES - Optimum) / Optimum,
E:\code\c\c++\TSPDS\LKH_LIB\Create_POPMUSIC_CandidateSet.c(175,53): warning :       |                                                     ^
E:\code\c\c++\TSPDS\LKH_LIB\Create_POPMUSIC_CandidateSet.c(175,64): warning : conversion from ‘GainType’ {aka ‘long long int’} to ‘double’ may change value [-Wconversion]
E:\code\c\c++\TSPDS\LKH_LIB\Create_POPMUSIC_CandidateSet.c(175,64): warning :   175 |                  100.0 * ((double) costSum / NB_RES - Optimum) / Optimum,
E:\code\c\c++\TSPDS\LKH_LIB\Create_POPMUSIC_CandidateSet.c(175,64): warning :       |                                                                ^
E:\code\c\c++\TSPDS\LKH_LIB\Create_POPMUSIC_CandidateSet.c(176,24): warning : conversion from ‘GainType’ {aka ‘long long int’} to ‘double’ may change value [-Wconversion]
E:\code\c\c++\TSPDS\LKH_LIB\Create_POPMUSIC_CandidateSet.c(176,24): warning :   176 |                  100.0 * (costMax - Optimum) / Optimum);
E:\code\c\c++\TSPDS\LKH_LIB\Create_POPMUSIC_CandidateSet.c(176,24): warning :       |                        ^
E:\code\c\c++\TSPDS\LKH_LIB\Create_POPMUSIC_CandidateSet.c(176,46): warning : conversion from ‘GainType’ {aka ‘long long int’} to ‘double’ may change value [-Wconversion]
E:\code\c\c++\TSPDS\LKH_LIB\Create_POPMUSIC_CandidateSet.c(176,46): warning :   176 |                  100.0 * (costMax - Optimum) / Optimum);
E:\code\c\c++\TSPDS\LKH_LIB\Create_POPMUSIC_CandidateSet.c(176,46): warning :       |                                              ^
E:\code\c\c++\TSPDS\LKH_LIB\Create_POPMUSIC_CandidateSet.c(216,36): warning : conversion to ‘long unsigned int’ from ‘int’ may change the sign of the result [-Wsign-conversion]
E:\code\c\c++\TSPDS\LKH_LIB\Create_POPMUSIC_CandidateSet.c(216,36): warning :   216 |     order = (int *) malloc((n + 1) * sizeof(int));
E:\code\c\c++\TSPDS\LKH_LIB\Create_POPMUSIC_CandidateSet.c(216,36): warning :       |                                    ^
E:\code\c\c++\TSPDS\LKH_LIB\Create_POPMUSIC_CandidateSet.c(217,33): warning : conversion to ‘long unsigned int’ from ‘int’ may change the sign of the result [-Wsign-conversion]
E:\code\c\c++\TSPDS\LKH_LIB\Create_POPMUSIC_CandidateSet.c(217,33): warning :   217 |     d = (int **) malloc((n + 1) * sizeof(int *));
E:\code\c\c++\TSPDS\LKH_LIB\Create_POPMUSIC_CandidateSet.c(217,33): warning :       |                                 ^
E:\code\c\c++\TSPDS\LKH_LIB\Create_POPMUSIC_CandidateSet.c(220,39): warning : conversion to ‘long unsigned int’ from ‘int’ may change the sign of the result [-Wsign-conversion]
E:\code\c\c++\TSPDS\LKH_LIB\Create_POPMUSIC_CandidateSet.c(220,39): warning :   220 |         d[i] = (int *) malloc((n + 1) * sizeof(int));
E:\code\c\c++\TSPDS\LKH_LIB\Create_POPMUSIC_CandidateSet.c(220,39): warning :       |                                       ^
E:\code\c\c++\TSPDS\LKH_LIB\Create_POPMUSIC_CandidateSet.c(260,39): warning : conversion to ‘long unsigned int’ from ‘int’ may change the sign of the result [-Wsign-conversion]
E:\code\c\c++\TSPDS\LKH_LIB\Create_POPMUSIC_CandidateSet.c(260,39): warning :   260 |     tmp_path = (int *) malloc((n + 1) * sizeof(int));
E:\code\c\c++\TSPDS\LKH_LIB\Create_POPMUSIC_CandidateSet.c(260,39): warning :       |                                       ^
E:\code\c\c++\TSPDS\LKH_LIB\Create_POPMUSIC_CandidateSet.c(292,44): warning : conversion to ‘long unsigned int’ from ‘int’ may change the sign of the result [-Wsign-conversion]
E:\code\c\c++\TSPDS\LKH_LIB\Create_POPMUSIC_CandidateSet.c(292,44): warning :   292 |     sample = (int *) malloc((nb_clust + 2) * sizeof(int));
E:\code\c\c++\TSPDS\LKH_LIB\Create_POPMUSIC_CandidateSet.c(292,44): warning :       |                                            ^
E:\code\c\c++\TSPDS\LKH_LIB\Create_POPMUSIC_CandidateSet.c(299,41): warning : conversion to ‘long unsigned int’ from ‘int’ may change the sign of the result [-Wsign-conversion]
E:\code\c\c++\TSPDS\LKH_LIB\Create_POPMUSIC_CandidateSet.c(299,41): warning :   299 |     assignment = (int *) malloc((n + 1) * sizeof(int));
E:\code\c\c++\TSPDS\LKH_LIB\Create_POPMUSIC_CandidateSet.c(299,41): warning :       |                                         ^
E:\code\c\c++\TSPDS\LKH_LIB\Create_POPMUSIC_CandidateSet.c(318,43): warning : conversion to ‘size_t’ {aka ‘long unsigned int’} from ‘int’ may change the sign of the result [-Wsign-conversion]
E:\code\c\c++\TSPDS\LKH_LIB\Create_POPMUSIC_CandidateSet.c(318,43): warning :   318 |     start_clust = (int *) calloc(nb_clust + 1, sizeof(int));
E:\code\c\c++\TSPDS\LKH_LIB\Create_POPMUSIC_CandidateSet.c(318,43): warning :       |                                  ~~~~~~~~~^~~
E:\code\c\c++\TSPDS\LKH_LIB\Create_POPMUSIC_CandidateSet.c(325,40): warning : conversion to ‘size_t’ {aka ‘long unsigned int’} from ‘int’ may change the sign of the result [-Wsign-conversion]
E:\code\c\c++\TSPDS\LKH_LIB\Create_POPMUSIC_CandidateSet.c(325,40): warning :   325 |     assigned = (int *) calloc(nb_clust + 1, sizeof(int));
E:\code\c\c++\TSPDS\LKH_LIB\Create_POPMUSIC_CandidateSet.c(325,40): warning :       |                               ~~~~~~~~~^~~
E:\code\c\c++\TSPDS\LKH_LIB\Create_POPMUSIC_CandidateSet.c(407,29): warning : conversion to ‘long unsigned int’ from ‘int’ may change the sign of the result [-Wsign-conversion]
E:\code\c\c++\TSPDS\LKH_LIB\Create_POPMUSIC_CandidateSet.c(407,29): warning :   407 |     tour = (int *) malloc(n * sizeof(int));
E:\code\c\c++\TSPDS\LKH_LIB\Create_POPMUSIC_CandidateSet.c(407,29): warning :       |                             ^
E:\code\c\c++\TSPDS\LKH_LIB\Create_POPMUSIC_CandidateSet.c(408,28): warning : conversion to ‘long unsigned int’ from ‘int’ may change the sign of the result [-Wsign-conversion]
E:\code\c\c++\TSPDS\LKH_LIB\Create_POPMUSIC_CandidateSet.c(408,28): warning :   408 |     pos = (int *) malloc(n * sizeof(int));
E:\code\c\c++\TSPDS\LKH_LIB\Create_POPMUSIC_CandidateSet.c(408,28): warning :       |                            ^
E:\code\c\c++\TSPDS\LKH_LIB\Create_POPMUSIC_CandidateSet.c(409,33): warning : conversion to ‘long unsigned int’ from ‘int’ may change the sign of the result [-Wsign-conversion]
E:\code\c\c++\TSPDS\LKH_LIB\Create_POPMUSIC_CandidateSet.c(409,33): warning :   409 |     bestTour = (int *) malloc(n * sizeof(int));
E:\code\c\c++\TSPDS\LKH_LIB\Create_POPMUSIC_CandidateSet.c(409,33): warning :       |                                 ^
E:\code\c\c++\TSPDS\LKH_LIB\Create_POPMUSIC_CandidateSet.c(414,32): warning : conversion to ‘size_t’ {aka ‘long unsigned int’} from ‘int’ may change the sign of the result [-Wsign-conversion]
E:\code\c\c++\TSPDS\LKH_LIB\Create_POPMUSIC_CandidateSet.c(414,32): warning :   414 |     dontLook = (char *) calloc(n, sizeof(char));
E:\code\c\c++\TSPDS\LKH_LIB\Create_POPMUSIC_CandidateSet.c(414,32): warning :       |                                ^
E:\code\c\c++\TSPDS\LKH_LIB\Create_POPMUSIC_CandidateSet.c(452,27): warning : conversion to ‘unsigned int’ from ‘int’ may change the sign of the result [-Wsign-conversion]
E:\code\c\c++\TSPDS\LKH_LIB\Create_POPMUSIC_CandidateSet.c(452,27): warning :   452 |     return low + Random() % (high - low + 1);
E:\code\c\c++\TSPDS\LKH_LIB\Create_POPMUSIC_CandidateSet.c(452,27): warning :       |                           ^
E:\code\c\c++\TSPDS\LKH_LIB\Create_POPMUSIC_CandidateSet.c(452,16): warning : conversion to ‘unsigned int’ from ‘int’ may change the sign of the result [-Wsign-conversion]
E:\code\c\c++\TSPDS\LKH_LIB\Create_POPMUSIC_CandidateSet.c(452,16): warning :   452 |     return low + Random() % (high - low + 1);
E:\code\c\c++\TSPDS\LKH_LIB\Create_POPMUSIC_CandidateSet.c(452,16): warning :       |                ^
E:\code\c\c++\TSPDS\LKH_LIB\Create_POPMUSIC_CandidateSet.c(452,16): warning : conversion to ‘int’ from ‘unsigned int’ may change the sign of the result [-Wsign-conversion]
E:\code\c\c++\TSPDS\LKH_LIB\Create_POPMUSIC_CandidateSet.c(452,16): warning :   452 |     return low + Random() % (high - low + 1);
E:\code\c\c++\TSPDS\LKH_LIB\Create_POPMUSIC_CandidateSet.c(452,16): warning :       |            ~~~~^~~~~~~~~~~~~~~~~~~~~~~~~~~~~
E:\code\c\c++\TSPDS\LKH_LIB\Create_POPMUSIC_CandidateSet.c(639,34): warning : conversion to ‘long unsigned int’ from ‘int’ may change the sign of the result [-Wsign-conversion]
E:\code\c\c++\TSPDS\LKH_LIB\Create_POPMUSIC_CandidateSet.c(639,34): warning :   639 |     neighbor = (int **) malloc(n * sizeof(int *));
E:\code\c\c++\TSPDS\LKH_LIB\Create_POPMUSIC_CandidateSet.c(639,34): warning :       |                                  ^
E:\code\c\c++\TSPDS\LKH_LIB\Create_POPMUSIC_CandidateSet.c(641,57): warning : conversion to ‘long unsigned int’ from ‘int’ may change the sign of the result [-Wsign-conversion]
E:\code\c\c++\TSPDS\LKH_LIB\Create_POPMUSIC_CandidateSet.c(641,57): warning :   641 |         neighbor[i] = (int *) malloc((maxNeighbors + 1) * sizeof(int));
E:\code\c\c++\TSPDS\LKH_LIB\Create_POPMUSIC_CandidateSet.c(641,57): warning :       |                                                         ^
E:\code\c\c++\TSPDS\LKH_LIB\Create_POPMUSIC_CandidateSet.c(642,32): warning : conversion to ‘size_t’ {aka ‘long unsigned int’} from ‘int’ may change the sign of the result [-Ws
  CTSP_InitialTour.c
E:\code\c\c++\TSPDS\LKH_LIB\CTSP_InitialTour.c(25,55): warning : conversion to ‘unsigned int’ from ‘int’ may change the sign of the result [-Wsign-conversion]
E:\code\c\c++\TSPDS\LKH_LIB\CTSP_InitialTour.c(25,44): warning : conversion to ‘unsigned int’ from ‘int’ may change the sign of the result [-Wsign-conversion]
E:\code\c\c++\TSPDS\LKH_LIB\CTSP_InitialTour.c(25,19): warning : conversion to ‘int’ from ‘unsigned int’ may change the sign of the result [-Wsign-conversion]
E:\code\c\c++\TSPDS\LKH_LIB\CTSP_InitialTour.c(43,31): warning : conversion from ‘GainType’ {aka ‘long long int’} to ‘double’ may change value [-Wconversion]
E:\code\c\c++\TSPDS\LKH_LIB\CTSP_InitialTour.c(43,31): warning :    43 |                         100.0 * (Cost - Optimum) / Optimum);
E:\code\c\c++\TSPDS\LKH_LIB\CTSP_InitialTour.c(43,31): warning :       |                               ^
E:\code\c\c++\TSPDS\LKH_LIB\CTSP_InitialTour.c(43,50): warning : conversion from ‘GainType’ {aka ‘long long int’} to ‘double’ may change value [-Wconversion]
E:\code\c\c++\TSPDS\LKH_LIB\CTSP_InitialTour.c(43,50): warning :    43 |                         100.0 * (Cost - Optimum) / Optimum);
E:\code\c\c++\TSPDS\LKH_LIB\CTSP_InitialTour.c(43,50): warning :       |                                                  ^
E:\code\c\c++\TSPDS\LKH_LIB\CTSP_InitialTour.c(47,31): warning : conversion from ‘GainType’ {aka ‘long long int’} to ‘double’ may change value [-Wconversion]
E:\code\c\c++\TSPDS\LKH_LIB\CTSP_InitialTour.c(47,31): warning :    47 |                         100.0 * (CurrentPenalty - Optimum) / Optimum);
E:\code\c\c++\TSPDS\LKH_LIB\CTSP_InitialTour.c(47,31): warning :       |                               ^
E:\code\c\c++\TSPDS\LKH_LIB\CTSP_InitialTour.c(47,60): warning : conversion from ‘GainType’ {aka ‘long long int’} to ‘double’ may change value [-Wconversion]
E:\code\c\c++\TSPDS\LKH_LIB\CTSP_InitialTour.c(47,60): warning :    47 |                         100.0 * (CurrentPenalty - Optimum) / Optimum);
E:\code\c\c++\TSPDS\LKH_LIB\CTSP_InitialTour.c(47,60): warning :       |                                                            ^
  CVRP_InitialTour.c
E:\code\c\c++\TSPDS\LKH_LIB\CVRP_InitialTour.c(101,14): warning : conversion from ‘GainType’ {aka ‘long long int’} to ‘double’ may change value [-Wconversion]
E:\code\c\c++\TSPDS\LKH_LIB\CVRP_InitialTour.c(101,14): warning :   101 |         Cost += ServiceTime * (Dim - 1);
E:\code\c\c++\TSPDS\LKH_LIB\CVRP_InitialTour.c(101,14): warning :       |              ^~
E:\code\c\c++\TSPDS\LKH_LIB\CVRP_InitialTour.c(101,17): warning : conversion from ‘double’ to ‘GainType’ {aka ‘long long int’} may change value [-Wfloat-conversion]
E:\code\c\c++\TSPDS\LKH_LIB\CVRP_InitialTour.c(101,17): warning :   101 |         Cost += ServiceTime * (Dim - 1);
E:\code\c\c++\TSPDS\LKH_LIB\CVRP_InitialTour.c(101,17): warning :       |                 ^~~~~~~~~~~
E:\code\c\c++\TSPDS\LKH_LIB\CVRP_InitialTour.c(101,17): warning : /home/qbw/projects/TSPDS/LKH
  Delaunay.c
E:\code\c\c++\TSPDS\LKH_LIB\Delaunay.c(80,36): warning : conversion to ‘long unsigned int’ from ‘int’ may change the sign of the result [-Wsign-conversion]
E:\code\c\c++\TSPDS\LKH_LIB\Delaunay.c(80,36): warning :    80 |     p_sorted = (point **) malloc(n * sizeof(point *));
E:\code\c\c++\TSPDS\LKH_LIB\Delaunay.c(80,36): warning :       |                                    ^
E:\code\c\c++\TSPDS\LKH_LIB\Delaunay.c(83,21): warning : conversion to ‘size_t’ {aka ‘long unsigned int’} from ‘int’ may change the sign of the result [-Wsign-conversion]
E:\code\c\c++\TSPDS\LKH_LIB\Delaunay.c(83,21): warning :    83 |     qsort(p_sorted, n, sizeof(point *), compare);
E:\code\c\c++\TSPDS\LKH_LIB\Delaunay.c(83,21): warning :       |                     ^
E:\code\c\c++\TSPDS\LKH_LIB\Delaunay.c(100,25): warning : conversion to ‘size_t’ {aka ‘long unsigned int’} from ‘int’ may change the sign of the result [-Wsign-conversion]
E:\code\c\c++\TSPDS\LKH_LIB\Delaunay.c(100,25): warning :   100 |         qsort(p_sorted, n, sizeof(point *), compare);
E:\code\c\c++\TSPDS\LKH_LIB\Delaunay.c(100,25): warning :       |                         ^
E:\code\c\c++\TSPDS\LKH_LIB\Delaunay.c(477,32): warning : conversion to ‘size_t’ {aka ‘long unsigned int’} from ‘int’ may change the sign of the result [-Wsign-conversion]
E:\code\c\c++\TSPDS\LKH_LIB\Delaunay.c(477,32): warning :   477 |     p_array = (point *) calloc(n, sizeof(point));
E:\code\c\c++\TSPDS\LKH_LIB\Delaunay.c(477,32): warning :       |                                ^
E:\code\c\c++\TSPDS\LKH_LIB\Delaunay.c(479,35): warning : conversion to ‘size_t’ {aka ‘long unsigned int’} from ‘int’ may change the sign of the result [-Wsign-conversion]
E:\code\c\c++\TSPDS\LKH_LIB\Delaunay.c(479,35): warning :   479 |     e_array = e = (edge *) calloc(n_free_e, sizeof(edge));
E:\code\c\c++\TSPDS\LKH_LIB\Delaunay.c(479,35): warning :       |                                   ^~~~~~~~
E:\code\c\c++\TSPDS\LKH_LIB\Delaunay.c(480,36): warning : conversion to ‘size_t’ {aka ‘long unsi
  Distance.c
  Distance_MTSP.c
  Distance_SOP.c
  Distance_SPECIAL.c
  eprintf.c
  ERXT.c
E:\code\c\c++\TSPDS\LKH_LIB\ERXT.c(48,43): warning : conversion to ‘unsigned int’ from ‘int’ may change the sign of the result [-Wsign-conversion]
E:\code\c\c++\TSPDS\LKH_LIB\ERXT.c(48,43): warning :    48 |         FirstNode = &NodeSet[1 + Random() % Dimension];
E:\code\c\c++\TSPDS\LKH_LIB\ERXT.c(48,43): warning :       |                                           ^
E:\code\c\c++\TSPDS\LKH_LIB\ERXT.c(52,27): warning : conversion to ‘unsigned int’ from ‘int’ may change the sign of the result [-Wsign-conversion]
E:\code\c\c++\TSPDS\LKH_LIB\ERXT.c(52,27): warning :    52 |         for (i = Random() % Dimension; i > 0; i--)
E:\code\c\c++\TSPDS\LKH_LIB\ERXT.c(52,27): warning :       |                           ^
E:\code\c\c++\TSPDS\LKH_LIB\ERXT.c(52,18): warning : conversion to ‘int’ from ‘unsigned int’ may change the sign of the result [-Wsign-conversion]
E:\code\c\c++\TSPDS\LKH_LIB\ERXT.c(52,18): warning :    52 |         for (i = Random() % Dimension; i > 0; i--)
E:\code\c\c++\TSPDS\LKH_LIB\ERXT.c(52,18): warning :       |                  ^~~~~~
  Excludable.c
  Exclude.c
  FindTour.c
E:\code\c\c++\TSPDS\LKH_LIB\FindTour.c(61,47): warning : conversion to ‘unsigned int’ from ‘int’ may change the sign of the result [-Wsign-conversion]
E:\code\c\c++\TSPDS\LKH_LIB\FindTour.c(61,47): warning :    61 |             FirstNode = &NodeSet[1 + Random() % Dimension];
E:\code\c\c++\TSPDS\LKH_LIB\FindTour.c(61,47): warning :       |                                               ^
E:\code\c\c++\TSPDS\LKH_LIB\FindTour.c(63,31): warning : conversion to ‘unsigned int’ from ‘int’ may change the sign of the result [-Wsign-conversion]
E:\code\c\c++\TSPDS\LKH_LIB\FindTour.c(63,31): warning :    63 |             for (i = Random() % Dimension; i > 0; i--)
E:\code\c\c++\TSPDS\LKH_LIB\FindTour.c(63,31): warning :       |                               ^
E:\code\c\c++\TSPDS\LKH_LIB\FindTour.c(63,31): warning : /home/qbw/projects/T
  FixedOrCommonCandidates.c
  Flip.c
  Flip_SL.c
  Flip_SSL.c
  Forbidden.c
  FreeStructures.c
  fscanint.c
  Gain23.c
E:\code\c\c++\TSPDS\LKH_LIB\Gain23.c(49,9): warning : ‘return’ with no value, in function returning non-void [-Wreturn-type]
E:\code\c\c++\TSPDS\LKH_LIB\Gain23.c(49,9): warning :    49 |         return;
E:\code\c\c++\TSPDS\LKH_LIB\Gain23.c(49,9): warning :       |         ^~~~~~
E:\code\c\c++\TSPDS\LKH_LIB\Gain23.c(37,10): message : declared here
E:\code\c\c++\TSPDS\LKH_LIB\Gain23.c(37,10): message :    37 | GainType Gain23(void)
E:\code\c\c++\TSPDS\LKH_LIB\Gain23.c(37,10): message :       |          ^~~~~~
  GCTSP_InitialTour.c
E:\code\c\c++\TSPDS\LKH_LIB\GCTSP_InitialTour.c(55,27): warning : conversion from ‘GainType’ {aka ‘long long int’} to ‘double’ may change value [-Wconversion]
E:\code\c\c++\TSPDS\LKH_LIB\GCTSP_InitialTour.c(55,27): warning :    55 |                     100.0 * (CurrentPenalty - Optimum) / Optimum);
E:\code\c\c++\TSPDS\LKH_LIB\GCTSP_InitialTour.c(55,27): warning :       |                           ^
E:\code\c\c++\TSPDS\LKH_LIB\GCTSP_InitialTour.c(55,27): warning : /home/qbw/projec
  GenerateCandidates.c
E:\code\c\c++\TSPDS\LKH_LIB\GenerateCandidates.c(58,57): warning : conversion to ‘long unsigned int’ from ‘int’ may change the sign of the result [-Wsign-conversion]
E:\code\c\c++\TSPDS\LKH_LIB\GenerateCandidates.c(58,57): warning :    58 |                (Candidate *) malloc((MaxCandidates + 1) *
E:\code\c\c++\TSPDS\LKH_LIB\GenerateCandidates.c(58,57): warning :       |                                                         ^
  Genetic.c
E:\code\c\c++\TSPDS\LKH_LIB\Genetic.c(16,56): warning : conversion to ‘long unsigned int’ from ‘int’ may change the sign of the result [-Wsign-conversion]
E:\code\c\c++\TSPDS\LKH_LIB\Genetic.c(16,56): warning :    16 |         Population = (int **) malloc(MaxPopulationSize * sizeof(int *));
E:\code\c\c++\TSPDS\LKH_LIB\Genetic.c(16,56): warning :       |                                                        ^
E:\code\c\c++\TSPDS\LKH_LIB\Genetic.c(18,60): warning : conversion to ‘long unsigned int’ from ‘int’ may change the sign of the result [-Wsign-conversion]
E:\code\c\c++\TSPDS\LKH_LIB\Genetic.c(18,60): warning :    18 |             Population[i] = (int *) malloc((1 + Dimension) * sizeof(int));
E:\code\c\c++\TSPDS\LKH_LIB\Genetic.c(18,60): warning :       |                                                            ^
E:\code\c\c++\TSPDS\LKH_LIB\Genetic.c(20,50): warning : conversion to ‘long unsigned int’ from ‘int’ may change the sign of the result [-Wsign-conversion]
E:\code\c\c++\TSPDS\LKH_LIB\Genetic.c(20,50): warning :    20 |            (GainType *) malloc(MaxPopulationSize * sizeof(GainType));
E:\code\c\c++\TSPDS\LKH_LIB\Genetic.c(20,50): warning :       |                                                  ^
E:\code\c\c++\TSPDS\LKH_LIB\Genetic.c(22,50): warning : conversion to ‘long unsigned int’ from ‘int’ may change the sign of the result [-Wsign-conversion]
E:\code\c\c++\TSPDS\LKH_LIB\Genetic.c(22,50): warning :    22 |            (GainType *) malloc(MaxPopulationSize * sizeof(GainType));
E:\code\c\c++\TSPDS\LKH_LIB\Genetic.c(22,50): warning :       |                                                  ^
E:\code\c\c++\TSPDS\LKH_LIB\Genetic.c(177,32): warning : conversion from ‘GainType’ {aka ‘long long int’} to ‘double’ may change value [-Wconversion]
E:\code\c\c++\TSPDS\LKH_LIB\Genetic.c(177,32): warning :   177 |                          100.0 * (Fitness[i] - Optimum) / Optimum);
E:\code\c\c++\TSPDS\LKH_LIB\Genetic.c(177,32): warning :       |                                ^
E:\code\c\c++\TSPDS\LKH_LIB\Genetic.c(177,57): warning : conversion from ‘GainType’ {aka ‘long long int’} to ‘double’ may change value [-Wconversion]
E:\code\c\c++\TSPDS\LKH_LIB\Genetic.c(177,57): warning :   177 |                          100.0 * (Fitness[i] - Optimum) / Optimum);
E:\code\c\c++\TSPDS\LKH_LIB\Genetic.c(177,57): warning :       |                                                         ^
E:\code\c\c++\TSPDS\LKH_LIB\Genetic.c(181,32): warning : conversion from ‘GainType’ {aka ‘long long int’} to ‘double’ may change value [-Wconversion]
E:\code\c\c++\TSPDS\LKH_LIB\Genetic.c(181,32): warning :   181 |                          100.0 * (PenaltyFitness[i] - Optimum) / Optimum);
E:\code\c\c++\TSPDS\LKH_LIB\Genetic.c(181,32): warning :       |                                ^
E:\code\c\c++\TSPDS\LKH_LIB\Genetic.c(181,64): warning : conversion from ‘GainType’ {aka ‘l
  GeoConversion.c
  GetTime.c
E:\code\c\c++\TSPDS\LKH_LIB\GetTime.c(45,59): warning : conversion from ‘__suseconds_t’ {aka ‘long int’} to ‘double’ may change value [-Wconversion]
E:\code\c\c++\TSPDS\LKH_LIB\GetTime.c(45,59): warning :    45 |     return usage.ru_utime.tv_sec + usage.ru_utime.tv_usec / 1000000.0;
E:\code\c\c++\TSPDS\LKH_LIB\GetTime.c(45,59): warning :       |                                                           ^
E:\code\c\c++\TSPDS\LKH_LIB\GetTime.c(45,34): warning : conversion from ‘__time_t’ {aka ‘long int’} to ‘double’ may change value [-Wconversion]
E:\code\c\c++\TSPDS\LKH_LIB\GetTime.c(45,34): warning :    45 |     return usage.ru_utime.tv_sec + usage.ru_utime.tv_usec / 1000000.0;
E:\code\c\c++\TSPDS\LKH_LIB\GetTime.c(45,34): warning :       |                                  ^
  gpx.c
E:\code\c\c++\TSPDS\LKH_LIB\gpx.c(897,9): warning : conversion to ‘unsigned int’ from ‘int’ may change the sign of the result [-Wsign-conversion]
E:\code\c\c++\TSPDS\LKH_LIB\gpx.c(897,9): warning :   897 |     n = n_new;
E:\code\c\c++\TSPDS\LKH_LIB\gpx.c(897,9): warning :       |         ^~~~~
E:\code\c\c++\TSPDS\LKH_LIB\gpx.c(918,21): warning : conversion to ‘size_t’ {aka ‘long unsigned int’} from ‘int’ may change the sign of the result [-Wsign-conversion]
E:\code\c\c++\TSPDS\LKH_LIB\gpx.c(918,21): warning :   918 |     blue = new_tour(n_cand);
E:\code\c\c++\TSPDS\LKH_LIB\gpx.c(918,21): warning :       |                     ^~~~~~
E:\code\c\c++\TSPDS\LKH_LIB\INCLUDE\gpx.h(9,38): message : in definition of macro ‘new_tour’
E:\code\c\c++\TSPDS\LKH_LIB\INCLUDE\gpx.h(9,38): message :     9 | #define new_tour(n) ((tour *) calloc(n, sizeof(tour)))
E:\code\c\c++\TSPDS\LKH_LIB\INCLUDE\gpx.h(9,38): message :       |                                      ^
E:\code\c\c++\TSPDS\LKH_LIB\gpx.c(919,20): warning : conversion to ‘size_t’ {aka ‘long unsigned int’} from ‘int’ may change the sign of the result [-Wsign-conversion]
E:\code\c\c++\TSPDS\LKH_LIB\gpx.c(919,20): warning :   919 |     red = new_tour(n_cand);
E:\code\c\c++\TSPDS\LKH_LIB\gpx.c(919,20): warning :       |                    ^~~~~~
E:\code\c\c++\TSPDS\LKH_LIB\INCLUDE\gpx.h(9,38): message : in definition of macro ‘new_tour’
E:\code\c\c++\TSPDS\LKH_LIB\INCLUDE\gpx.h(9,38): message :     9 | #define new_tour(n) ((tour *) calloc(n, sizeof(tour)))
E:\code\c\c++\TSPDS\LKH_LIB\INCLUDE\gpx.h(9,38): message :       |                                      ^
E:\code\c\c++\TSPDS\LKH_LIB\gpx.c(953,45): warning : conversion to ‘size_t’ {aka ‘long unsigned int’} from ‘int’ may change the sign of the result [-Wsign-conversion]
E:\code\c\c++\TSPDS\LKH_LIB\gpx.c(953,45): warning :   953 |         blue[i].inputs = new_gate_structure(comp_size);
E:\code\c\c++\TSPDS\LKH_LIB\gpx.c(953,45): warning :       |                                             ^~~~~~~~~
E:\code\c\c++\TSPDS\LKH_LIB\INCLUDE\gpx.h(11,39): message : in definition of macro ‘new_gate_structure’
E:\code\c\c++\TSPDS\LKH_LIB\INCLUDE\gpx.h(11,39): message :    11 |                                calloc(n, sizeof(gate_structure)))
E:\code\c\c++\TSPDS\LKH_LIB\INCLUDE\gpx.h(11,39): message :       |                                       ^
E:\code\c\c++\TSPDS\LKH_LIB\gpx.c(954,46): warning : conversion to ‘size_t’ {aka ‘long unsigned int’} from ‘int’ may change the sign of the result [-Wsign-conversion]
E:\code\c\c++\TSPDS\LKH_LIB\gpx.c(954,46): warning :   954 |         blue[i].outputs = new_gate_structure(comp_size);
E:\code\c\c++\TSPDS\LKH_LIB\gpx.c(954,46): warning :       |                                              ^~~~~~~~~
E:\code\c\c++\TSPDS\LKH_LIB\INCLUDE\gpx.h(11,39): message : in definition of macro ‘new_gate_structure’
E:\code\c\c++\TSPDS\LKH_LIB\INCLUDE\gpx.h(11,39): message :    11 |                                calloc(n, sizeof(gate_structure)))
E:\code\c\c++\TSPDS\LKH_LIB\INCLUDE\gpx.h(11,39): message :       |                                       ^
E:\code\c\c++\TSPDS\LKH_LIB\gpx.c(956,44): warning : conversion to ‘size_t’ {aka ‘long unsigned int’} from ‘int’ may change the sign of the result [-Wsign-conversion]
E:\code\c\c++\TSPDS\LKH_LIB\gpx.c(956,44): warning :   956 |         red[i].inputs = new_gate_structure(comp_size);
E:\code\c\c++\TSPDS\LKH_LIB\gpx.c(956,44): warning :       |                                            ^~~~~~~~~
E:\code\c\c++\TSPDS\LKH_LIB\INCLUDE\gpx.h(11,39): message : in definition of macro ‘new_gate_structure’
E:\code\c\c++\TSPDS\LKH_LIB\INCLUDE\gpx.h(11,39): message :    11 |                                calloc(n, sizeof(gate_structure)))
E:\code\c\c++\TSPDS\LKH_LIB\INCLUDE\gpx.h(11,39): message :       |                                       ^
E:\code\c\c++\TSPDS\LKH_LIB\gpx.c(957,45): warning : conversion to ‘size_t’ {aka ‘long unsigned int’} from ‘int’ may change the sign of the result [-Wsign-conversion]
E:\code\c\c++\TSPDS\LKH_LIB\gpx.c(957,45): warning :   957 |         red[i].outputs = new_gate_structure(comp_size);
E:\code\c\c++\TSPDS\LKH_LIB\gpx.c(957,45): warning :       |                                             ^~~~~~~~~
E:\code\c\c++\TSPDS\LKH_LIB\INCLUDE\gpx.h(11,39): message : in definition of macro ‘new_gate_structure’
E:\code\c\c++\TSPDS\LKH_LIB\INCLUDE\gpx.h(11,39): message :    11 |                                calloc(n, sizeof(gate_structure)))
E:\code\c\c++\TSPDS\LKH_LIB\INCLUDE\gpx.h(11,39): message :       |                                       ^
E:\code\c\c++\TSPDS\LKH_LIB\gpx.c(962,36): warning : conversion to ‘int’ from ‘unsigned int’ may change the sign of the result [-Wsign-conversion]
E:\code\c\c++\TSPDS\LKH_LIB\gpx.c(962,36): warning :   962 |     sol_blue_reduc = alloc_vectori(n);
E:\code\c\c++\TSPDS\LKH_LIB\gpx.c(962,36): warning :       |                                    ^
E:\code\c\c++\TSPDS\LKH_LIB\gpx.c(963,35): warning : conversion to ‘int’ from ‘unsigned int’ may change the sign of the result [-Wsign-conversion]
E:\code\c\c++\TSPDS\LKH_LIB\gpx.c(963,35): warning :   963 |     sol_red_reduc = alloc_vectori(n);
E:\code\c\c++\TSPDS\LKH_LIB\gpx.c(963,35): warning :       |                                   ^
E:\code\c\c++\TSPDS\LKH_LIB\gpx.c(964,38): warning : conversion to ‘int’ from ‘unsigned int’ may change the sign of the result [-Wsign-conversion]
E:\code\c\c++\TSPDS\LKH_LIB\gpx.c(964,38): warning :   964 |     sol_blue_reduc_t = alloc_vectori(n);
E:\code\c\c++\TSPDS\LKH_LIB\gpx.c(964,38): warning :       |                                      ^
E:\code\c\c++\TSPDS\LKH_LIB\gpx.c(965,37): warning : conversion to ‘int’ from ‘unsigned int’ may change the sign of the result [-Wsign-conversion]
E:\code\c\c++\TSPDS\LKH_LIB\gpx.c(965,37): warning :   965 |     sol_red_reduc_t = alloc_vectori(n);
E:\code\c\c++\TSPDS\LKH_LIB\gpx.c(965,37): warning :       |                                     ^
E:\code\c\c++\TSPDS\LKH_LIB\gpx.c(1139,41): warning : conversion to ‘unsigned int’ from ‘int’ may change the sign of the result [-Wsign-conversion]
E:\code\c\c++\TSPDS\LKH_LIB\gpx.c(1139,41): warning :  1139 |                 inp_out_red = new_int(2 * n_inputs[cand]);
E:\code\c\c++\TSPDS\LKH_LIB\gpx.c(1139,41): warning :       |                                         ^
E:\code\c\c++\TSPDS\LKH_LIB\INCLUDE\gpx.h(8,47): message : in definition of macro ‘new_int’
E:\code\c\c++\TSPDS\LKH_LIB\INCLUDE\gpx.h(8,47): message :     8 | #define new_int(n) ((int *) calloc((unsigned) n, sizeof(int)))
E:\code\c\c++\TSPDS\LKH_LIB\INCLUDE\gpx.h(8,47): message :       |                                               ^
E:\code\c\c++\TSPDS\LKH_LIB\gpx.c(1238,30): warning : conversion to ‘int’ from ‘unsigned int’ may change the sign of the result [-Wsign-conversion]
E:\code\c\c++\TSPDS\LKH_LIB\gpx.c(1238,30): warning :  1238 |     comp_seq = alloc_vectori(n); // sequence of all entries in unfeasible
E:\code\c\c++\TSPDS\LKH_LIB\gpx.c(1238,30): warning :       |                              ^
E:\code\c\c++\TSPDS\LKH_LIB\gpx.c(1340,25): warning : conversion to ‘size_t’ {aka ‘long unsigned int’} from ‘int’ may change the sign of the result [-Wsign-conversion]
E:\code\c\c++\TSPDS\LKH_LIB\gpx.c(1340,25): warning :  1340 |         blue = new_tour(n_cand);
E:\code\c\c++\TSPDS\LKH_LIB\gpx.c(1340,25): warning :       |                         ^~~~~~
E:\code\c\c++\TSPDS\LKH_LIB\INCLUDE\gpx.h(9,38): message : in definition of macro ‘new_tour’
E:\code\c\c++\TSPDS\LKH_LIB\INCLUDE\gpx.h(9,38): message :     9 | #define new_tour(n) ((tour *) calloc(n, sizeof(tour)))
E:\code\c\c++\TSPDS\LKH_LIB\INCLUDE\gpx.h(9,38): message :       |                                      ^
E:\code\c\c++\TSPDS\LKH_LIB\gpx.c(1341,24): warning : conversion to ‘size_t’ {aka ‘long unsigned int’} from ‘int’ may change the sign of the result [-Wsign-conversion]
E:\code\c\c++\TSPDS\LKH_LIB\gpx.c(1341,24): warning :  1341 |         red = new_tour(n_cand);
E:\code\c\c++\TSPDS\LKH_LIB\gpx.c(1341,24): warning :       |                        ^~~~~~
E:\code\c\c++\TSPDS\LKH_LIB\INCLUDE\gpx.h(9,38): message : in definition of macro ‘new_tour’
E:\code\c\c++\TSPDS\LKH_LIB\INCLUDE\gpx.h(9,38): message :     9 | #define new_tour(n) ((tour *) calloc(n, sizeof(tour)))
E:\code\c\c++\TSPDS\LKH_LIB\INCLUDE\gpx.h(9,38): message :       |                                      ^
E:\code\c\c++\TSPDS\LKH_LIB\gpx.c(1377,30): warning : conversion to ‘int’ from ‘unsigned int’ may change the sign of the result [-Wsign-conversion]
E:\code\c\c++\TSPDS\LKH_LIB\gpx.c(1377,30): warning :  1377 |     cand_seq = alloc_vectori(n); // list of entries and exits of
E:\code\c\c++\TSPDS\LKH_LIB\gpx.c(1377,30): warning :       |                              ^
E:\code\c\c++\TSPDS\LKH_LIB\gpx.c(1379,34): warning : conversion to ‘int’ from ‘unsigned int’ may change the sign of the result [-Wsign-conversion]
E:\code\c\c++\TSPDS\LKH_LIB\gpx.c(1379,34): warning :  1379 |     cand_seq_cut = alloc_vectori(n);
E:\code\c\c++\TSPDS\LKH_LIB\gpx.c(1379,34): warning :       |                                  ^
E:\code\c\c++\TSPDS\LKH_LIB\gpx.c(1530,29): warning : conversion to ‘size_t’ {aka ‘long unsigned int’} from ‘int’ may change the sign of the result [-Wsign-conversion]
E:\code\c\c++\TSPDS\LKH_LIB\gpx.c(1530,29): warning :  1530 |             blue = new_tour(n_cand);
E:\code\c\c++\TSPDS\LKH_LIB\gpx.c(1530,29): warning :       |                             ^~~~~~
E:\code\c\c++\TSPDS\LKH_LIB\INCLUDE\gpx.h(9,38): message : in definition of macro ‘new_tour’
E:\code\c\c++\TSPDS\LKH_LIB\INCLUDE\gpx.h(9,38): message :     9 | #define new_tour(n) ((tour *) calloc(n, sizeof(tour)))
E:\code\c\c++\TSPDS\LKH_LIB\INCLUDE\gpx.h(9,38): message :       |                                      ^
E:\code\c\c++\TSPDS\LKH_LIB\gpx.c(1531,28): warning : conversion to ‘size_t’ {aka ‘long unsigned int’} from ‘int’ may change the sign of the result [-Wsign-conversion]
E:\code\c\c++\TSPDS\LKH_LIB\gpx.c(1531,28): warning :  1531 |             red = new_tour(n_cand);
E:\code\c\c++\TSPDS\LKH_LIB\gpx.c(1531,28): warning :       |                            ^~~~~~
E:\code\c\c++\TSPDS\LKH_LIB\INCLUDE\gpx.h(9,38): message : in definition of macro ‘new_tour’
E:\code\c\c++\TSPDS\LKH_LIB\INCLUDE\gpx.h(9,38): message :     9 | #define new_tour(n) ((tour *) calloc(n, sizeof(tour)))
E:\code\c\c++\TSPDS\LKH_LIB\INCLUDE\gpx.h(9,38): message :       |                                      ^
E:\code\c\c++\TSPDS\LKH_LIB\gpx.c(1641,36): warning : conversion to ‘int’ from ‘unsigned int’ may change the sign of the result [-Wsign-conversion]
E:\code\c\c++\TSPDS\LKH_LIB\gpx.c(1641,36): warning :  1641 |     Graph *G_offspring = new_Graph(n); // graph for offspring
E:\code\c\c++\TSPDS\LKH_LIB\gpx.c(1641,36): warning :       |                                    ^
E:\code\c\c++\TSPDS\LKH_LIB\gpx.c(1732,35): warning : conversion to ‘long unsigned int’ from ‘int’ may change the sign of the result [-Wsign-conversion]
E:\code\c\c++\TSPDS\LKH_LIB\gpx.c(1732,35): warning :  1732 |     vector = (int *) malloc(lines * sizeof(int));
E:\code\c\c++\TSPDS\LKH_LIB\gpx.c(1732,35): warning :       |                                   ^
E:\code\c\c++\TSPDS\LKH_LIB\gpx.c(1744,36): warning : conversion to ‘long unsigned int’ from ‘int’ may change the sign of the result [-Wsign-conversion]
E:\code\c\c++\TSPDS\LKH_LIB\gpx.c(1744,36): warning :  1744 |     Matrix = (int **) malloc(lines * sizeof(int *));
E:\code\c\c++\TSPDS\LKH_LIB\gpx.c(1744,36): warning :       |                                    ^
E:\code\c\c++\TSPDS\LKH_LIB\gpx.c(1746,45): warning : conversion to ‘long unsigned int’ from ‘int’ may change the sign of the result [-Wsign-conversion]
E:\code\c\c++\TSPDS\LKH_LIB\gpx.c(1746,45): warning :  1746 |         Matrix[i] = (int *) malloc(collumns * sizeof(int));
E:\code\c\c++\TSPDS\LKH_LIB\gpx.c(1746,45): warning :       |                                             ^
E:\code\c\c++\TSPDS\LKH_LIB\gpx.c(1770,35): warning : conversion to ‘size_t’ {aka ‘long unsigned int’} from ‘int’ may change the sign of the result [-Wsign-conversion]
E:\code\c\c++\TSPDS\LKH_LIB\gpx.c(1770,35): warning :  1770 |     g->firstAdj = (Adj **) calloc(n, sizeof(Adj *));
E:\code\c\c++\TSPDS\LKH_LIB\gpx.c(1770,35): warning :       |                                   ^
E:\code\c\c++\TSPDS\LKH_LIB\gpx.c(1771,34): warning : conversion to ‘size_t’ {aka ‘long unsigned int’} from ‘int’ may change the sign of the result [-Wsign-conversion]
E:\code\c\c++\TSPDS\LKH_LIB\gpx.c(1771,34): warning :  1771 |     g->lastAdj = (Adj **) calloc(n, sizeof(Adj *));
E:\code\c\c++\TSPDS\LKH_LIB\gpx.c(1771,34): warning :       |                                  ^
E:\code\c\c++\TSPDS\LKH_LIB\gpx.c(1822,35): warning : conversion to ‘lon
  GreedyTour.c
E:\code\c\c++\TSPDS\LKH_LIB\GreedyTour.c(141,43): warning : conversion to ‘long unsigned int’ from ‘int’ may change the sign of the result [-Wsign-conversion]
E:\code\c\c++\TSPDS\LKH_LIB\GreedyTour.c(141,43): warning :   141 |             Perm = (Node **) malloc(Count * sizeof(Node *));
E:\code\c\c++\TSPDS\LKH_LIB\GreedyTour.c(141,43): warning :       |                                           ^
E:\code\c\c++\TSPDS\LKH_LIB\GreedyTour.c(146,29): warning : conversion to ‘size_t’ {aka ‘long unsigned int’} from ‘int’ may change the sign of the result [-Wsign-conversion]
E:\code\c\c++\TSPDS\LKH_LIB\GreedyTour.c(146,29): warning :   146 |                 qsort(Perm, Count, sizeof(Node *), compareX);
E:\code\c\c++\TSPDS\LKH_LIB\GreedyTour.c(146,29): warning :       |                             ^~~~~
E:\code\c\c++\TSPDS\LKH_LIB\GreedyTour.c(156,33): warning : conversion to ‘size_t’ {aka ‘long unsigned int’} from ‘int’ may change the sign of the result [-Wsign-conversion]
E:\code\c\c++\TSPDS\LKH_LIB\GreedyTour.c(156,33): warning :   156 |                     qsort(Perm, Count, sizeof(Node *), compareCost);
E:\code\c\c++\TSPDS\LKH_LIB\GreedyTour.c(156,33): warning :       |                                 ^~~~~
E:\code\c\c++\TSPDS\LKH_LIB\GreedyTour.c(244,31): warning : conversion from ‘GainType’ {aka ‘long long int’} to ‘double’ may change value [-Wconversion]
E:\code\c\c++\TSPDS\LKH_LIB\GreedyTour.c(244,31): warning :   244 |                         100.0 * (CurrentPenalty - Optimum) / Optimum);
E:\code\c\c++\TSPDS\LKH_LIB\GreedyTour.c(244,31): warning :       |                               ^
E:\code\c\c++\TSPDS\LKH_LIB\GreedyTour.c(244,60): warning : conversion from ‘GainType’ {aka ‘long long int’} to ‘double’ may change value [-Wconversion]
E:\code\c\c++\TSPDS\LKH_LIB\GreedyTour.c(244,60): warning :   244 |                         100.0 * (CurrentPenalty - Optimum) / Optimum);
E:\code\c\c++\TSPDS\LKH_LIB\GreedyTour.c(244,60): warning :       |                                                            ^
E:\code\c\c++\TSPDS\LKH_LIB\GreedyTour.c(247,31): warning : conversion from ‘GainType’ {aka ‘long long int’} to ‘double’ may change value [-Wconversion]
E:\code\c\c++\TSPDS\LKH_LIB\GreedyTour.c(247,31): warning :   247 |                         100.0 * (Cost - Optimum) / Optimum);
E:\code\c\c++\TSPDS\LKH_LIB\GreedyTour.c(247,31): warning :       |                               ^
E:\code\c\c++\TSPDS\LKH_LIB\GreedyTour.c(247,50): warning : conv
  Hashing.c
E:\code\c\c++\TSPDS\LKH_LIB\Hashing.c(44,13): warning : conversion to ‘int’ from ‘unsigned int’ may change the sign of the result [-Wsign-conversion]
E:\code\c\c++\TSPDS\LKH_LIB\Hashing.c(44,13): warning :    44 |     int i = Hash % HashTableSize;
E:\code\c\c++\TSPDS\LKH_LIB\Hashing.c(44,13): warning :       |             ^~~~
E:\code\c\c++\TSPDS\LKH_LIB\Hashing.c(49,17): warning : conversion to ‘int’ from ‘unsigned int’ may change the sign of the result [-Wsign-conversion]
E:\code\c\c++\TSPDS\LKH_LIB\Hashing.c(49,17): warning :    49 |         int p = Hash % 97 + 1;
E:\code\c\c++\TSPDS\LKH_LIB\Hashing.c(49,17): warning :       |                 ^~~~
E:\code\c\c++\TSPDS\LKH_LIB\Hashing.c(68,9): warning : conversion to ‘int’ from ‘unsigned int’ may change the sign of the result [-Wsign-conversion]
E:\code\c\c++\TSPDS\LKH_LIB\Hashing.c(68,9): warning :    68 |     i = Hash % HashTableSize;
E:\code\c\c++\TSPDS\LKH_LIB\Hashing.c(68,9): warning :       |         ^~~~
E:\code\c\c++\TSPDS\LKH_LIB\Hashing.c(68,9): warning : /home/qbw/projec
  Heap.c
E:\code\c\c++\TSPDS\LKH_LIB\Heap.c(22,40): warning : conversion to ‘long unsigned int’ from ‘int’ may change the sign of the result [-Wsign-conversion]
E:\code\c\c++\TSPDS\LKH_LIB\Heap.c(22,40): warning :    22 |     Heap = (Node **) malloc((Size + 1) * sizeof(Node *));
E:\code\c\c++\TSPDS\LKH_LIB\Heap.c(22,40): warning :       |                                        ^
  Improvement.c
  IsBackboneCandidate.c
  IsCandidate.c
  IsCommonEdge.c
  IsPossibleCandidate.c
  KSwapKick.c
E:\code\c\c++\TSPDS\LKH_LIB\KSwapKick.c(22,28): warning : conversion to ‘long unsigned int’ from ‘int’ may change the sign of the result [-Wsign-conversion]
E:\code\c\c++\TSPDS\LKH_LIB\KSwapKick.c(22,28): warning :    22 |     s = (Node **) malloc(K * sizeof(Node *));
E:\code\c\c++\TSPDS\LKH_LIB\KSwapKick.c(22,28): warning :       |                            ^
E:\code\c\c++\TSPDS\LKH_LIB\KSwapKick.c(42,14): warning : conversion to ‘size_t’ {aka ‘long unsigned int’} from ‘int’ may change the sign of the result [-Wsign-conversion]
E:\code\c\c++\TSPDS\LKH_LIB\KSwapKick.c(42,14): warning :    42 |     qsort(s, K, sizeof(Node *), compare);
E:\code\c\c++\TSPDS\LKH_LIB\KSwapKick.c(42,14): warning :       |              ^
E:\code\c\c++\TSPDS\LKH_LIB\KSwapKick.c(64,35): warning : conversion to ‘unsigned int’ from ‘int’ may change the sign of the result [-Wsign-conversion]
E:\code\c\c++\TSPDS\LKH_LIB\KSwapKick.c(64,35): warning :    64 |         N = &NodeSet[1 + Random() % Dimension];
E:\code\c\c++\TSPDS\LKH_LIB\KSwapKick.c(64,35): warning :       |                                   ^
E:\code\c\c++\TSPDS\LKH_LIB\KSwapKick.c(67,31): warning : conversion to ‘unsigned int’ from ‘int’ may change the sign of the result [-Wsign-conversion]
E:\code\c\c++\TSPDS\LKH_LIB\KSwapKick.c(67,31): warning :    67 |         for (Count = Random() % Dimension; Count > 0; Count--)
E:\code\c\c++\TSPDS\LKH_LIB\KSwapKick.c(67,31): warning :       |                               ^
E:\code\c\c++\TSPDS\LKH_LIB\KSwapKick.c(67,22): warning : conversion to ‘int’ from ‘unsigned int’ may change the sign of the re
  LinKernighan.c
  LKH.c
  LKHmain.c
E:\code\c\c++\TSPDS\LKH_LIB\LKHmain.c(102,43): warning : conversion from ‘GainType’ {aka ‘long long int’} to ‘double’ may change value [-Wconversion]
E:\code\c\c++\TSPDS\LKH_LIB\LKHmain.c(102,43): warning :   102 |                                     100.0 * (CurrentPenalty - Optimum) /
E:\code\c\c++\TSPDS\LKH_LIB\LKHmain.c(102,43): warning :       |                                           ^
E:\code\c\c++\TSPDS\LKH_LIB\LKHmain.c(102,72): warning : conversion from ‘GainType’ {aka ‘long long int’} to ‘double’ may change value [-Wconversion]
E:\code\c\c++\TSPDS\LKH_LIB\LKHmain.c(102,72): warning :   102 |                                     100.0 * (CurrentPenalty - Optimum) /
E:\code\c\c++\TSPDS\LKH_LIB\LKHmain.c(102,72): warning :       |                                                                        ^
E:\code\c\c++\TSPDS\LKH_LIB\LKHmain.c(106,43): warning : conversion from ‘GainType’ {aka ‘long long int’} to ‘double’ may change value [-Wconversion]
E:\code\c\c++\TSPDS\LKH_LIB\LKHmain.c(106,43): warning :   106 |                                     100.0 * (Cost - Optimum) / Optimum);
E:\code\c\c++\TSPDS\LKH_LIB\LKHmain.c(106,43): warning :       |                                           ^
E:\code\c\c++\TSPDS\LKH_LIB\LKHmain.c(106,62): warning : conversion from ‘GainType’ {aka ‘long long int’} to ‘double’ may change value [-Wconversion]
E:\code\c\c++\TSPDS\LKH_LIB\LKHmain.c(106,62): warning :   106 |                                     100.0 * (Cost - Optimum) / Optimum);
E:\code\c\c++\TSPDS\LKH_LIB\LKHmain.c(106,62): warning :       |                                                              ^
  LKH_LIB.cpp
  Make2OptMove.c
  Make3OptMove.c
  Make4OptMove.c
  Make5OptMove.c
  MakeKOptMove.c
  MergeTourWithBestTour.c
  MergeWithTourCLARIST.c
E:\code\c\c++\TSPDS\LKH_LIB\MergeWithTourCLARIST.c(59,45): warning : conversion to ‘long unsigned int’ from ‘int’ may change the sign of the result [-Wsign-conversion]
E:\code\c\c++\TSPDS\LKH_LIB\MergeWithTourCLARIST.c(59,45): warning :    59 |         vecpttra = (rec *) malloc((Dim + 1) * sizeof(rec));
E:\code\c\c++\TSPDS\LKH_LIB\MergeWithTourCLARIST.c(59,45): warning :       |                                             ^
E:\code\c\c++\TSPDS\LKH_LIB\MergeWithTourCLARIST.c(82,15): warning : conversion from ‘GainType’ {aka ‘long long int’} to ‘double’ may change value [-Wconversion]
E:\code\c\c++\TSPDS\LKH_LIB\MergeWithTourCLARIST.c(82,15): warning :    82 |         Cost1 += ptcur->len;
E:\code\c\c++\TSPDS\LKH_LIB\MergeWithTourCLARIST.c(82,15): warning :       |               ^~
E:\code\c\c++\TSPDS\LKH_LIB\MergeWithTourCLARIST.c(82,18): warning : conversion from ‘double’ to ‘GainType’ {aka ‘long long int’} may change value [-Wfloat-conversion]
E:\code\c\c++\TSPDS\LKH_LIB\MergeWithTourCLARIST.c(82,18): warning :    82 |         Cost1 += ptcur->len;
E:\code\c\c++\TSPDS\LKH_LIB\MergeWithTourCLARIST.c(82,18): warning :       |                  ^~~~~
E:\code\c\c++\TSPDS\LKH_LIB\MergeWithTourCLARIST.c(83,15): warning : conversion from ‘GainType’ {aka ‘long long int’} to ‘double’ may change value [-Wconversion]
E:\code\c\c++\TSPDS\LKH_LIB\MergeWithTourCLARIST.c(83,15): warning :    83 |         Cost2 += ptcur->len2;
E:\code\c\c++\TSPDS\LKH_LIB\MergeWithTourCLARIST.c(83,15): warning :       |               ^~
E:\code\c\c++\TSPDS\LKH_LIB\MergeWithTourCLARIST.c(83,18): warning : conversion from ‘double’ to ‘GainType’ {aka ‘long long int’} may change value [-Wfloat-conversion]
E:\code\c\c++\TSPDS\LKH_LIB\MergeWithTourCLARIST.c(83,18): warning :    83 |         Cost2 += ptcur->len2;
E:\code\c\c++\TSPDS\LKH_LIB\MergeWithTourCLARIST.c(83,18): warning :       |                  ^~~~~
E:\code\c\c++\TSPDS\LKH_LIB\MergeWithTourCLARIST.c(150,15): warning : conversion from ‘double’ to ‘int’ may change value [-Wfloat-conversion]
E:\code\c\c++\TSPDS\LKH_LIB\MergeWithTourCLARIST.c(150,15): warning :   150 |         len = ptcur->len;
E:\code\c\c++\TSPDS\LKH_LIB\MergeWithTourCLARIST.c(150,15): warning :       |               ^~~~~
E:\code\c\c++\TSPDS\LKH_LIB\MergeWithTourCLARIST.c(286,24): warning : conversion from ‘double’ to ‘int’ may change value [-Wfloat-conversion]
E:\code\c\c++\TSPDS\LKH_LIB\MergeWithTourCLARIST.c(286,24): warning :   286 |                 return totdif;
E:\code\c\c++\TSPDS\LKH_LIB\MergeWithTourCLARIST.c(286,24): warning :       |                        ^~~~~~
E:\code\c\c++\TSPDS\LKH_LIB\MergeWithTourCLARIST.c(434,18): warning : conversion from ‘long long int’ to ‘int’ may change value [-Wconversion]
E:\code\c\c++\TSPDS\LKH_LIB\MergeWithTourCLARIST.c(434,18): warning :   434 |         idxdif = ptcom1->diftag;
E:\code\c\c++\TSPDS\LKH_LIB\MergeWithTourCLARIST.c(434,18): warning :       |                  ^~~~~~
E:\code\c\c++\TSPDS\LKH_LIB\MergeWithTourCLARIST.c(443,34): warning : conversion from ‘long long int’ to ‘int’ may change value [-Wconversion]
E:\code\c\c++\TSPDS\LKH_LIB\MergeWithTourCLARIST.c(443,34): warning :   443 |                         diftag = ptcur->dif
  MergeWithTourGPX2.c
E:\code\c\c++\TSPDS\LKH_LIB\MergeWithTourGPX2.c(92,35): warning : conversion to ‘long unsigned int’ from ‘int’ may change the sign of the result [-Wsign-conversion]
E:\code\c\c++\TSPDS\LKH_LIB\MergeWithTourGPX2.c(92,35): warning :    92 |     red = (int *) malloc(n_cities * sizeof(int));
E:\code\c\c++\TSPDS\LKH_LIB\MergeWithTourGPX2.c(92,35): warning :       |                                   ^
E:\code\c\c++\TSPDS\LKH_LIB\MergeWithTourGPX2.c(93,36): warning : conversion to ‘long unsigned int’ from ‘int’ may change the sign of the result [-Wsign-conversion]
E:\code\c\c++\TSPDS\LKH_LIB\MergeWithTourGPX2.c(93,36): warning :    93 |     blue = (int *) malloc(n_cities * sizeof(int));
E:\code\c\c++\TSPDS\LKH_LIB\MergeWithTourGPX2.c(93,36): warning :       |                                    ^
E:\code\c\c++\TSPDS\LKH_LIB\MergeWithTourGPX2.c(94,47): warning : conversion to ‘long unsigned int’ from ‘int’ may change the sign of the result [-Wsign-conversion]
E:\code\c\c++\TSPDS\LKH_LIB\MergeWithTourGPX2.c(94,47): warning :    94 |     offspring = (int *) malloc((n_cities + 1) * sizeof(int));
E:\code\c\c++\TSPDS\LKH_LIB\MergeWithTourGPX2.c(94,47): warning :       |                                               ^
E:\code\c\c++\TSPDS\LKH_LIB\MergeWithTourGPX2.c(94,47): warning : /home/qbw/projects/TSPDS/LKH_LIB/Mer
  MergeWithTourIPT.c
  Minimum1TreeCost.c
  MinimumSpanningTree.c
  MTSP2TSP.c
E:\code\c\c++\TSPDS\LKH_LIB\MTSP2TSP.c(41,57): warning : conversion to ‘long unsigned int’ from ‘int’ may change the sign of the result [-Wsign-conversion]
E:\code\c\c++\TSPDS\LKH_LIB\MTSP2TSP.c(41,57): warning :    41 |            (Node *) realloc(NodeSet, (1 + NewDimension) * sizeof(Node));
E:\code\c\c++\TSPDS\LKH_LIB\MTSP2TSP.c(41,57): warning :       |                                                         ^
E:\code\c\c++\TSPDS\LKH_LIB\MTSP2TSP.c(63,41): warning : conversion to ‘size_t’ {aka ‘long unsigned int’} from ‘int’ may change the sign of the result [-Wsign-conversion]
E:\code\c\c++\TSPDS\LKH_LIB\MTSP2TSP.c(63,41): warning :    63 |                        (Node **) calloc(MergeTourFiles, sizeof(Node *));
E:\code\c\c++\TSPDS\LKH_LIB\MTSP2TSP.c(63,41): warning :       |                                         ^~~~~~~~~~~~~~
E:\code\c\c++\TSPDS\LKH_LIB\MTSP2TSP.c(76,37): warning : conversion to ‘size_t’ {aka ‘long unsigned int’} from ‘int’ may change the sign of the result [-Wsign-conversion]
E:\code\c\c++\TSPDS\LKH_LIB\MTSP2TSP.c(76,37): warning :    76 |                    (Node **) calloc(MergeTourFiles, sizeof(Node *));
E:\code\c\c++\TSPDS\LKH_LIB\MTSP2TSP.c(76,37): warning :       |                                     ^~~~~~~~~~~~~~
E:\code\c\c++\TSPDS\LKH_LIB\MTSP2TSP.c(76,37): warning : /home/qbw/projects/TSPDS/LKH
  MTSP_InitialTour.c
E:\code\c\c++\TSPDS\LKH_LIB\MTSP_InitialTour.c(66,42): warning : conversion from ‘GainType’ {aka ‘long long int’} to ‘double’ may change value [-Wconversion]
E:\code\c\c++\TSPDS\LKH_LIB\MTSP_InitialTour.c(66,42): warning :    66 |                 d *= Route->Cost / (Cost + 0.5);
E:\code\c\c++\TSPDS\LKH_LIB\MTSP_InitialTour.c(66,42): warning :       |                                          ^
E:\code\c\c++\TSPDS\LKH_LIB\MTSP_InitialTour.c(66,22): warning : conversion from ‘double’ to ‘int’ may change value [-Wfloat-conversion]
E:\code\c\c++\TSPDS\LKH_LIB\MTSP_InitialTour.c(66,22): warning :    66 |                 d *= Route->Cost / (Cost + 0.5);
E:\code\c\c++\TSPDS\LKH_LIB\MTSP_InitialTour.c(66,22): warning :       |                      ^~~~~
E:\code\c\c++\TSPDS\LKH_LIB\MTSP_InitialTour.c(107,31): warning : conversion from ‘GainType’ {aka ‘long long int’} to ‘double’ may change value [-Wconversion]
E:\code\c\c++\TSPDS\LKH_LIB\MTSP_InitialTour.c(107,31): warning :   107 |                         100.0 * (CurrentPenalty - Optimum) / Optimum);
E:\code\c\c++\TSPDS\LKH_LIB\MTSP_InitialTour.c(107,31): warning :       |                               ^
E:\code\c\c++\TSPDS\LKH_LIB\MTSP_InitialTour.c(107,60): warning : conversion from ‘GainType’ {aka ‘long long int’} to ‘double’ may change value [-Wconversion]
E:\code\c\c++\TSPDS\LKH_LIB\MTSP_InitialTour.c(107,60): warning :   107 |                         100.0 * (CurrentPenalty - Optimum) / Optimum);
E:\code\c\c++\TSPDS\LKH_LIB\MTSP_InitialTour.c(107,60): warning :       |                                                            ^
E:\code\c\c++\TSPDS\LKH_LIB\MTSP_InitialTour.c(110,31): warning : conversion from ‘GainType’ {aka ‘long long int’} to ‘double’ may change value [-Wconversion]
E:\code\c\c++\TSPDS\LKH_LIB\MTSP_InitialTour.c(110,31): warning :   110 |                         100.0 * (Cost - Optimum) / Optimum);
E:\code\c\c++\TSPDS\LKH_LIB\MTSP_InitialTour.c(110,31): warning :       |                               ^
E:\code\c\c++\TSPDS\LKH_LIB\MTSP_InitialTour.c(110,50): warning : conversion from ‘GainType’ {aka ‘long long int’} to ‘
  MTSP_Report.c
  MTSP_WriteSolution.c
  NormalizeNodeList.c
  NormalizeSegmentList.c
  OrderCandidateSet.c
  PatchCycles.c
E:\code\c\c++\TSPDS\LKH_LIB\PatchCycles.c(112,55): warning : conversion to ‘long unsigned int’ from ‘int’ may change the sign of the result [-Wsign-conversion]
E:\code\c\c++\TSPDS\LKH_LIB\PatchCycles.c(112,55): warning :   112 |                     cycleSaved = (int *) malloc(2 * k * sizeof(int));
E:\code\c\c++\TSPDS\LKH_LIB\PatchCycles.c(112,55): warning :       |                                                       ^
E:\code\c\c++\TSPDS\LKH_LIB\PatchCycles.c(113,57): warning : conversion to ‘long unsigned int’ from ‘int’ may change the sign of the result [-Wsign-conversion]
E:\code\c\c++\TSPDS\LKH_LIB\PatchCycles.c(113,57): warning :   113 |                     memcpy(cycleSaved, cycle + 1, 2 * k * sizeof(int));
E:\code\c\c++\TSPDS\LKH_LIB\PatchCycles.c(113,57): warning :       |                                                         ^
E:\code\c\c++\TSPDS\LKH_LIB\PatchCycles.c(125,53): warning : conversion to ‘long unsigned int’ from ‘int’ may change the sign of the result [-Wsign-conversion]
E:\code\c\c++\TSPDS\LKH_LIB\PatchCycles.c(125,53): warning :   125 |                 memcpy(cycle + 1, cycleSaved, 2 * k * sizeof(int));
E:\code\c\c++\TSPDS\LKH_LIB\PatchCycles.c(125,53): warning :       |                                                     ^
E:\code\c\c++\TSPDS\LKH_LIB\PatchCycles.c(145,55): warning : conversion to ‘long unsigned int’ from ‘int’ may change the sign of the result [-Wsign-conversion]
E:\code\c\c++\TSPDS\LKH_LIB\PatchCycles.c(145,55): warning :   145 |                         pSaved = (int *) malloc(2 * k * sizeof(int));
E:\code\c\c++\TSPDS\LKH_LIB\PatchCycles.c(145,55): warning :       |                                                       ^
E:\code\c\c++\TSPDS\LKH_LIB\PatchCycles.c(146,53): warning : conversion to ‘long unsigned int’ from ‘int’ may change the sign of the result [-Wsign-conversion]
E:\code\c\c++\TSPDS\LKH_LIB\PatchCycles.c(146,53): warning :   146 |                         memcpy(pSaved, p + 1, 2 * k * sizeof(int));
E:\code\c\c++\TSPDS\LKH_LIB\PatchCycles.c(146,53): warning :       |                                                     ^
E:\code\c\c++\TSPDS\LKH_LIB\PatchCycles.c(155,49): warning : conversion to ‘long unsigned int’ from ‘int’ may change the sign of the result [-Wsign-conversion]
E:\code\c\c++\TSPDS\LKH_LIB\PatchCycles.c(155,49): warning :   155 |                     memcpy(p + 1, pSaved, 2 * k * sizeof(int));
E:\code\c\c++\TSPDS\LKH_LIB\PatchCycles.c(155,49): warning :       |                                                 ^
E:\code\c\c++\TSPDS\LKH_LIB\PatchCycles.c(206,59): warning : conversion to ‘long unsigned int’ from ‘int’ may change the sign of the result [-Wsign-conversion]
E:\code\c\c++\TSPDS\LKH_LIB\PatchCycles.c(206,59): warning :   206 |                             pSaved = (int *) malloc(2 * k * sizeof(int));
E:\code\c\c++\TSPDS\LKH_LIB\PatchCycles.c(206,59): warning :       |                                                           ^
E:\code\c\c++\TSPDS\LKH_LIB\PatchCycles.c(207,57): warning : conversion to ‘long unsigned int’ from ‘int’ may change the sign of the result [-Wsign-conversion]
E:\code\c\c++\TSPDS\LKH_LIB\PatchCycles.c(207,57): warning :   207 |                             memcpy(pSaved, p + 1, 2 * k * sizeof(int));
E:\code\c\c++\TSPDS\LKH_LIB\PatchCycles.c(207,57): warning :       |                                                         ^
E:\code\c\c++\TSPDS\LKH_LIB\PatchCycles.c(220,53): warning : conversion to ‘long unsigned int’ from ‘int’ may change the sign of the result [-Wsign-conversion]
E:\code\c\c++\TSPDS\LKH_LIB\PatchCycles.c(220,53): warning :   220 |                         memcpy(p + 1, pSaved, 2 * k * sizeof(int));
E:\code\c\c++\TSPDS\LKH_LIB\PatchCycles.c(220,53): warning :       |                                                     ^
E:\code\c\c++\TSPDS\LKH_LIB\PatchCycles.c(232,43): warning : conversion to ‘long unsigned int’ from ‘int’ may change the sign of the result [-Wsign-conversion]
E:\code\c\c++\TSPDS\LKH_LIB\PatchCycles.c(232,43): warning :   232 |             pSaved = (int *) malloc(2 * k * sizeof(int));
E:\code\c\c++\TSPDS\LKH_LIB\PatchCycles.c(232,43): warning :       |                                           ^
E:\code\c\c++\TSPDS\LKH_LIB\PatchCycles.c(233,41): warning : conversion to ‘long unsigned int’ from ‘int’ may change the sign of the result [-Wsign-conversion]
E:\code\c\c++\TSPDS\LKH_LIB\PatchCycles.c(233,41): warning :   233 |             memcpy(pSaved, p + 1, 2 * k * sizeof(int));
E:\code\c\c++\TSPDS\LKH_LIB\PatchCycles.c(233,41): warning :       |                                         ^
E:\code\c\c++\TSPDS\LKH_LIB\PatchCycles.c(251,49): warning : conversion to ‘long unsigned int’ from ‘int’ may change the sign of the result [-Wsign-conversion]
E:\code\c\c++\TSPDS\LKH_LIB\PatchCycles.c(251,49): warning :   251 |             memcpy(cycle + 1, cycleSaved, 2 * k * sizeof(int));
E:\code\c\c++\TSPDS\LKH_LIB\PatchCycles.c(251,49): warning :       |                                                 ^
E:\code\c\c++\TSPDS\LKH_LIB\PatchCycles.c(252,41): warning : conversion to ‘long unsigned int’ from ‘int’ may change the sign of the result [-Wsign-conversion]
E:\code\c\c++\TSPDS\LKH_LIB\PatchCycles.c(252,41): warning :   252 |             memcpy(p + 1, pSaved, 2 * k * sizeof(int));
E:\code\c\c++\TSPDS\LKH_LIB\PatchCycles.c(252,41): warning :       |                                         ^
E:\code\c\c++\TSPDS\LKH_LIB\PatchCycles.c(301,29): warning : conversion to ‘size_t’ {aka ‘long unsigned int’} from ‘int’ may change the sign of the result [-W
  pch.cpp
  PCTSP_InitialTour.c
E:\code\c\c++\TSPDS\LKH_LIB\PCTSP_InitialTour.c(19,45): warning : conversion to ‘long unsigned int’ from ‘int’ may change the sign of the result [-Wsign-conversion]
E:\code\c\c++\TSPDS\LKH_LIB\PCTSP_InitialTour.c(19,45): warning :    19 |     Fringe = (Node**) malloc(DimensionSaved * sizeof(Node*));
E:\code\c\c++\TSPDS\LKH_LIB\PCTSP_InitialTour.c(19,45): warning :       |                                             ^
E:\code\c\c++\TSPDS\LKH_LIB\PCTSP_InitialTour.c(20,43): warning : conversion to ‘long unsigned int’ from ‘int’ may change the sign of the result [-Wsign-conversion]
E:\code\c\c++\TSPDS\LKH_LIB\PCTSP_InitialTour.c(20,43): warning :    20 |     Subset = (int*) malloc(DimensionSaved * sizeof(int));
E:\code\c\c++\TSPDS\LKH_LIB\PCTSP_InitialTour.c(20,43): warning :       |                                           ^
E:\code\c\c++\TSPDS\LKH_LIB\PCTSP_InitialTour.c(33,46): warning : conversion to ‘unsigned int’ from ‘int’ may change the sign of the result [-Wsign-conversion]
E:\code\c\c++\TSPDS\LKH_LIB\PCTSP_InitialTour.c(33,46): warning :    33 |                 int SalesmanIndex = Random() % Salesmen + 1;
E:\code\c\c++\TSPDS\LKH_LIB\PCTSP_InitialTour.c(33,46): warning :       |                                              ^
E:\code\c\c++\TSPDS\LKH_LIB\PCTSP_InitialTour.c(33,37): warning : conversion to ‘int’ from ‘unsigned int’ may change the sign of the result [-Wsign-conversion]
E:\code\c\c++\TSPDS\LKH_LIB\PCTSP_InitialTour.c(33,37): warning :    33 |                 int SalesmanIndex = Random() % Salesmen + 1;
E:\code\c\c++\TSPDS\LKH_LIB\PCTSP_InitialTour.c(33,37): warning :       |                                     ^~~~~~
E:\code\c\c++\TSPDS\LKH_LIB\PCTSP_InitialTour.c(61,42): warning : conversion to ‘long unsigned int’ from ‘int’ may change the sign of the result [-Wsign-conversion]
E:\code\c\c++\TSPDS\LKH_LIB\PCTSP_InitialTour.c(61,42): warning :    61 |         memset(Fringe, 0, DimensionSaved * sizeof(Node*));
E:\code\c\c++\TSPDS\LKH_LIB\PCTSP_InitialTour.c(61,42): warning :       |                                          ^
E:\code\c\c++\TSPDS\LKH_LIB\PCTSP_InitialTour.c(62,42): warning : conversion to ‘long unsigned int’ from ‘int’ may change the sign of the result [-Wsign-conversion]
E:\code\c\c++\TSPDS\LKH_LIB\PCTSP_InitialTour.c(62,42): warning :    62 |         memset(Subset, 0, DimensionSaved * sizeof(int));
E:\code\c\c++\TSPDS\LKH_LIB\PCTSP_InitialTour.c(62,42): warning :       |                                          ^
E:\code\c\c++\TSPDS\LKH_LIB\PCTSP_InitialTour.c(79,45): warning : conversion to ‘unsigned int’ from ‘int’ may change the sign of the result [-Wsign-conversion]
E:\code\c\c++\TSPDS\LKH_LIB\PCTSP_InitialTour.c(79,65): warning : conversion to ‘unsigned int’ from ‘int’ may change the sign of the result [-Wsign-conversion]
E:\code\c\c++\TSPDS\LKH_LIB\PCTSP_InitialTour.c(79,54): warning : conversion to ‘unsigned int’ from ‘int’ may change the sign of the result [-Wsign-conversion]
E:\code\c\c++\TSPDS\LKH_LIB\PCTSP_InitialTour.c(79,17): warning : conversion to ‘int’ from ‘unsigned int’ may change the sign of the result [-Wsign-conversion]
E:\code\c\c++\TSPDS\LKH_LIB\PCTSP_InitialTour.c(116,46): warning : conversion from ‘GainType’ {aka ‘long long int’} to ‘double’ may change value [-Wconversion]
E:\code\c\c++\TSPDS\LKH_LIB\PCTSP_InitialTour.c(116,46): warning :   116 |             printff(", Gap = %0.2f%%", 100.0 * (Cost - Optimum) / Optimum);
E:\code\c\c++\TSPDS\LKH_LIB\PCTSP_InitialTour.c(116,46): warning :       |                                              ^
E:\code\c\c++\TSPDS\LKH_LIB\PCTSP_InitialTour.c(116,65): warning : conversion from ‘GainType’ {aka ‘long long int’} to ‘double’ may ch
  PCTSP_RepairTour.c
E:\code\c\c++\TSPDS\LKH_LIB\PCTSP_RepairTour.c(36,37): warning : conversion to ‘unsigned int’ from ‘int’ may change the sign of the result [-Wsign-conversion]
E:\code\c\c++\TSPDS\LKH_LIB\PCTSP_RepairTour.c(36,37): warning :    36 |                 NewColor = Random() % Salesmen + 1;
E:\code\c\c++\TSPDS\LKH_LIB\PCTSP_RepairTour.c(36,37): warning :       |                                     ^
E:\code\c\c++\TSPDS\LKH_LIB\PCTSP_RepairTour.c(36,28): warning : conversion to ‘int’ from ‘unsigned int’ may change the sign of the result [-Wsign-conversion]
E:\code\c\c++\TSPDS\LKH_LIB\PCTSP_RepairTour.c(36,28): warning :    36 |                 NewColor = Random() % Salesmen + 1;
E:\code\c\c++\TSPDS\LKH_LIB\PCTSP_RepairTour.c(36,28): warning :       |                            ^~~~~~
E:\code\c\c++\TSPDS\LKH_LIB\PCTSP_RepairTour.c(54,45): warning : conversion to ‘long unsigned int’ from ‘int’ may change the sign of the result [-Wsign-conversion]
E:\code\c\c++\TSPDS\LKH_LIB\PCTSP_RepairTour.c(54,45): warning :    54 |     Fringe = (Node**) malloc(DimensionSaved * sizeof(Node*));
E:\code\c\c++\TSPDS\LKH_LIB\PCTSP_RepairTour.c(54,45): warning :       |                                             ^
E:\code\c\c++\TSPDS\LKH_LIB\PCTSP_RepairTour.c(54,45): warning : /home/qbw/projects/TSPDS/LKH_LIB/PCTSP_RepairTour
  PDPTW_Reduce.c
E:\code\c\c++\TSPDS\LKH_LIB\PDPTW_Reduce.c(21,22): warning : conversion from ‘double’ to ‘int’ may change value [-Wfloat-conversion]
  Penalty_1_PDTSP.c
  Penalty_ACVRP.c
E:\code\c\c++\TSPDS\LKH_LIB\Penalty_ACVRP.c(44,29): warning : conversion from ‘GainType’ {aka ‘long long int’} to ‘double’ may change value [-Wconversion]
E:\code\c\c++\TSPDS\LKH_LIB\Penalty_ACVRP.c(44,29): warning :    44 |                 DistanceSum += N->ServiceTime;
E:\code\c\c++\TSPDS\LKH_LIB\Penalty_ACVRP.c(44,29): warning :       |                             ^~
E:\code\c\c++\TSPDS\LKH_LIB\Penalty_ACVRP.c(44,32): warning : conversion from ‘double’ to ‘GainType’ {aka ‘long long int’} may change value [-Wfloat-conversion]
E:\code\c\c++\TSPDS\LKH_LIB\Penalty_ACVRP.c(44,32): warning :    44 |                 DistanceSum += N->ServiceTime;
E:\code\c\c++\TSPDS\LKH_LIB\Penalty_ACVRP.c(44,32): warning :       |                                ^
E:\code\c\c++\TSPDS\LKH_LIB\Penalty_ACVRP.c(48,37): warning : conversion from ‘GainType’ {aka ‘long long int’} to ‘double’ may change value [-Wconversion]
E:\code\c\c++\TSPDS\LKH_LIB\Penalty_ACVRP.c(48,37): warning :    48 |                 ((P += (DistanceSum - DistanceLimit)) > CurrentPenalty ||
E:\code\c\c++\TSPDS\LKH_LIB\Penalty_ACVRP.c(48,37): warning :       |                                     ^
E:\code\c\c++\TSPDS\LKH_LIB\Penalty_ACVRP.c(48,21): warning : conversion from ‘GainType’ {aka ‘long long int’} to ‘double’ may change value [-Wconversion]
E:\code\c\c++\TSPDS\LKH_LIB\Penalty_ACVRP.c(48,21): warning :    48 |                 ((P += (DistanceSum - DistanceLimit)) > CurrentPenalty ||
E:\code\c\c++\TSPDS\LKH_LIB\Penalty_ACVRP.c(48,21): warning :       |                     ^~
E:\code\c\c++\TSPDS\LKH_LIB\Penalty_ACVRP.c(48,24): warning : conver
  Penalty_BWTSP.c
  Penalty_CBnTSP.c
  Penalty_CBTSP.c
  Penalty_CCCTSP.c
  Penalty_CCVRP.c
  Penalty_CluVRP.c
E:\code\c\c++\TSPDS\LKH_LIB\Penalty_CluVRP.c(16,47): warning : conversion to ‘long unsigned int’ from ‘int’ may change the sign of the result [-Wsign-conversion]
E:\code\c\c++\TSPDS\LKH_LIB\Penalty_CluVRP.c(16,47): warning :    16 |     ColorUsed = (int *) malloc((GVRPSets + 1) * sizeof(int));
E:\code\c\c++\TSPDS\LKH_LIB\Penalty_CluVRP.c(16,47): warning :       |                                               ^
E:\code\c\c++\TSPDS\LKH_LIB\Penalty_CluVRP.c(22,45): warning : conversion to ‘long unsigned int’ from ‘int’ may change the sign of the result [-Wsign-conversion]
E:\code\c\c++\TSPDS\LKH_LIB\Penalty_CluVRP.c(22,45): warning :    22 |         memset(ColorUsed, 0, (GVRPSets + 1) * sizeof(int));
E:\code\c\c++\TSPDS\LKH_LIB\Penalty_CluVRP.c(22,45): warning :       |                                             ^
E:\code\c\c++\TSPDS\LKH_LIB\Penalty_CluVRP.c(63,33): warning : conversion from ‘GainType’ {aka ‘long long int’} to ‘double’ may change value [-Wconversion]
E:\code\c\c++\TSPDS\LKH_LIB\Penalty_CluVRP.c(63,33): warning :    63 |                     DistanceSum += N->ServiceTime;
E:\code\c\c++\TSPDS\LKH_LIB\Penalty_CluVRP.c(63,33): warning :       |                                 ^~
E:\code\c\c++\TSPDS\LKH_LIB\Penalty_CluVRP.c(63,36): warning : conversion from ‘double’ to ‘GainType’ {aka ‘long long int’} may change value [-Wfloat-conversion]
E:\code\c\c++\TSPDS\LKH_LIB\Penalty_CluVRP.c(63,36): warning :    63 |                     DistanceSum += N->ServiceTime;
E:\code\c\c++\TSPDS\LKH_LIB\Penalty_CluVRP.c(63,36): warning :       |                                    ^
E:\code\c\c++\TSPDS\LKH_LIB\Penalty_CluVRP.c(66,36): warning : conversion from ‘GainType’ {aka ‘long long int’} to ‘double’ may change value [-Wconversion]
E:\code\c\c++\TSPDS\LKH_LIB\Penalty_CluVRP.c(66,36): warning :    66 |                 ((P += DistanceSum - DistanceLimit) > CurrentPenalty ||
E:\code\c\c++\TSPDS\LKH_LIB\Penalty_CluVRP.c(66,36): warning :       |                                    ^
E:\code\c\c++\TSPDS\LKH_LIB\Penalty_CluVRP.c(66,21): warning : conversion from ‘GainType’ {aka ‘long long int’} to ‘double’ may change value [-Wconversion]
E:\code\c\c++\TSPDS\LKH_LIB\Penalty_CluVRP.c(66,21): warning :    66 |                 ((P += DistanceSum - DistanceLimit) > CurrentPenalty ||
E:\code\c\c++\TSPDS\LKH_LIB\Penalty_CluVRP.c(66,21): warning :       |                     ^~
  Penalty_CTSP.c
  Penalty_CTSP_D.c
E:\code\c\c++\TSPDS\LKH_LIB\Penalty_CTSP_D.c(10,39): warning : conversion to ‘long unsigned int’ from ‘int’ may change the sign of the result [-Wsign-conversion]
E:\code\c\c++\TSPDS\LKH_LIB\Penalty_CTSP_D.c(10,39): warning :    10 |     Frq = (int *) malloc((Groups + 1) * sizeof(int));
E:\code\c\c++\TSPDS\LKH_LIB\Penalty_CTSP_D.c(10,39): warning :       |                                       ^
E:\code\c\c++\TSPDS\LKH_LIB\Penalty_CTSP_D.c(13,37): warning : conversion to ‘long unsigned int’ from ‘int’ may change the sign of the result [-Wsign-conversion]
E:\code\c\c++\TSPDS\LKH_LIB\Penalty_CTSP_D.c(13,37): warning :    13 |         memset(Frq, 0, (Groups + 1) * sizeof(int));
E:\code\c\c++\TSPDS\LKH_LIB\Penalty_CTSP_D.c(13,37): warning :       |                                     ^
  Penalty_CVRP.c
E:\code\c\c++\TSPDS\LKH_LIB\Penalty_CVRP.c(41,33): warning : conversion from ‘GainType’ {aka ‘long long int’} to ‘double’ may change value [-Wconversion]
E:\code\c\c++\TSPDS\LKH_LIB\Penalty_CVRP.c(41,33): warning :    41 |                     DistanceSum += N->ServiceTime;
E:\code\c\c++\TSPDS\LKH_LIB\Penalty_CVRP.c(41,33): warning :       |                                 ^~
E:\code\c\c++\TSPDS\LKH_LIB\Penalty_CVRP.c(41,36): warning : conversion from ‘double’ to ‘GainType’ {aka ‘long long int’} may change value [-Wfloat-conversion]
E:\code\c\c++\TSPDS\LKH_LIB\Penalty_CVRP.c(41,36): warning :    41 |                     DistanceSum += N->ServiceTime;
E:\code\c\c++\TSPDS\LKH_LIB\Penalty_CVRP.c(41,36): warning :       |                                    ^
E:\code\c\c++\TSPDS\LKH_LIB\Penalty_CVRP.c(44,36): warning : conversion from ‘GainType’ {aka ‘long long int’} to ‘double’ may change value [-Wconversion]
E:\code\c\c++\TSPDS\LKH_LIB\Penalty_CVRP.c(44,36): warning :    44 |                 ((P += DistanceSum - DistanceLimit) > CurrentPenalty ||
E:\code\c\c++\TSPDS\LKH_LIB\Penalty_CVRP.c(44,36): warning :       |                                    ^
E:\code\c\c++\TSPDS\LKH_LIB\Penalty_CVRP.c(44,21): warning : conversion from ‘GainType’ {aka ‘long long int’} to ‘double’ may change value [-Wconversion]
E:\code\c\c++\TSPDS\LKH_LIB\Penalty_CVRP.c(44,21): warning :    44 |                 ((P += DistanceSum - DistanceLimit) > CurrentPenalty ||
E:\code\c\c++\TSPDS\LKH_LIB\Penalty_CVRP.c(44,21): warning :       |                     ^~
E:\code\c\c++\TSPDS\LKH_LIB\Penalty_CVRP.c(44,24): warning : convers
  Penalty_CVRPTW.c
E:\code\c\c++\TSPDS\LKH_LIB\Penalty_CVRPTW.c(21,23): warning : conversion from ‘double’ to ‘GainType’ {aka ‘long long int’} may change value [-Wfloat-conversion]
E:\code\c\c++\TSPDS\LKH_LIB\Penalty_CVRPTW.c(21,23): warning :    21 |             CostSum = N->Earliest;
E:\code\c\c++\TSPDS\LKH_LIB\Penalty_CVRPTW.c(21,23): warning :       |                       ^
E:\code\c\c++\TSPDS\LKH_LIB\Penalty_CVRPTW.c(27,31): warning : conversion from ‘double’ to ‘GainType’ {aka ‘long long int’} may change value [-Wfloat-conversion]
E:\code\c\c++\TSPDS\LKH_LIB\Penalty_CVRPTW.c(27,31): warning :    27 |                     CostSum = N->Earliest;
E:\code\c\c++\TSPDS\LKH_LIB\Penalty_CVRPTW.c(27,31): warning :       |                               ^
E:\code\c\c++\TSPDS\LKH_LIB\Penalty_CVRPTW.c(29,34): warning : conversion from ‘GainType’ {aka ‘long long int’} to ‘double’ may change value [-Wconversion]
E:\code\c\c++\TSPDS\LKH_LIB\Penalty_CVRPTW.c(29,34): warning :    29 |                     P += CostSum - N->Latest;
E:\code\c\c++\TSPDS\LKH_LIB\Penalty_CVRPTW.c(29,34): warning :       |                                  ^
E:\code\c\c++\TSPDS\LKH_LIB\Penalty_CVRPTW.c(29,23): warning : conversion from ‘GainType’ {aka ‘long long int’} to ‘double’ may change value [-Wconversion]
E:\code\c\c++\TSPDS\LKH_LIB\Penalty_CVRPTW.c(29,23): warning :    29 |                     P += CostSum - N->Latest;
E:\code\c\c++\TSPDS\LKH_LIB\Penalty_CVRPTW.c(29,23): warning :       |                       ^~
E:\code\c\c++\TSPDS\LKH_LIB\Penalty_CVRPTW.c(29,26): warning : conversion from ‘double’ to ‘GainType’ {aka ‘long long int’} may change value [-Wfloat-conversion]
E:\code\c\c++\TSPDS\LKH_LIB\Penalty_CVRPTW.c(29,26): warning :    29 |                     P += CostSum - N->Latest;
E:\code\c\c++\TSPDS\LKH_LIB\Penalty_CVRPTW.c(29,26): warning :       |                          ^~~~~~~
E:\code\c\c++\TSPDS\LKH_LIB\Penalty_CVRPTW.c(35,25): warning : conversion from ‘GainType’ {aka ‘long long int’} to ‘double’ may change value [-Wconversion]
E:\code\c\c++\TSPDS\LKH_LIB\Penalty_CVRPTW.c(35,25): warning :    35 |                 CostSum += N->ServiceTime;
E:\code\c\c++\TSPDS\LKH_LIB\Penalty_CVRPTW.c(35,25): warning :       |                         ^~
E:\code\c\c++\TSPDS\LKH_LIB\Penalty_CVRPTW.c(35,28): warning : conversion from ‘double’ to ‘GainType’ {aka ‘long long int’} may change value [-Wfloat-conversion]
E:\code\c\c++\TSPDS\LKH_LIB\Penalty_CVRPTW.c(35,28): warning :    35 |                 CostSum += N->ServiceTime;
E:\code\c\c++\TSPDS\LKH_LIB\Penalty_CVRPTW.c(35,28): warning :       |                            ^
E:\code\c\c++\TSPDS\LKH_LIB\Penalty_CVRPTW.c(47,28): warning : conversion from ‘GainType’ {aka ‘long long int’} to ‘double’ may change value [-Wconversion]
E:\code\c\c++\TSPDS\LKH_LIB\Penalty_CVRPTW.c(47,28): warning :    47 |             ((P += CostSum - Depot->Latest) > CurrentPenalty ||
E:\code\c\c++\TSPDS\LKH_LIB\Penalty_CVRPTW.c(47,28): warning :       |                            ^
E:\code\c\c++\TSPDS\LKH_LIB\Penalty_CVRPTW.c(47,17): warning : conversion from ‘GainType’ {aka ‘long long int’} to ‘double’ may change value [-Wconversion]
E:\code\c\c++\TSPDS\LKH_LIB\Penalty_CVRPTW.c(47,17): warning :    47 |             ((P += CostSum - Depot->Latest) > CurrentPenalty ||
E:\code\c\c++\TSPDS\LKH_LIB\Penalty_CVRPTW.c(47,17): warning :       |                 ^~
E:\code\c\c++\TSPDS\LKH_LIB\Penalty_CVRPTW.c(47,20): warning : conversion from ‘double’ to ‘GainType’ {aka ‘long long int
  Penalty_GCTSP.c
  Penalty_KTSP.c
  Penalty_M1_PDTSP.c
  Penalty_MLP.c
E:\code\c\c++\TSPDS\LKH_LIB\Penalty_MLP.c(23,29): warning : conversion from ‘GainType’ {aka ‘long long int’} to ‘double’ may change value [-Wconversion]
E:\code\c\c++\TSPDS\LKH_LIB\Penalty_MLP.c(23,29): warning :    23 |                 DistanceSum += NextN->ServiceTime;
E:\code\c\c++\TSPDS\LKH_LIB\Penalty_MLP.c(23,29): warning :       |                             ^~
E:\code\c\c++\TSPDS\LKH_LIB\Penalty_MLP.c(23,32): warning : conversion from ‘double’ to ‘GainType’ {aka ‘long long int’} may change value [-Wfloat-conversion]
E:\code\c\c++\TSPDS\LKH_LIB\Penalty_MLP.c(23,32): warning :    23 |                 DistanceSum += NextN->ServiceTime;
E:\code\c\c++\TSPDS\LKH_LIB\Penalty_MLP.c(23,32): warning :       |                                ^~~~~
E:\code\c\c++\TSPDS\LKH_LIB\Penalty_MLP.c(23,32): warning : /home/qbw/projects/TSPDS/LKH
  Penalty_MSCTSP.c
  Penalty_MTSP.c
E:\code\c\c++\TSPDS\LKH_LIB\Penalty_MTSP.c(37,34): warning : conversion from ‘GainType’ {aka ‘long long int’} to ‘double’ may change value [-Wconversion]
E:\code\c\c++\TSPDS\LKH_LIB\Penalty_MTSP.c(37,34): warning :    37 |                 P += DistanceSum - DistanceLimit;
E:\code\c\c++\TSPDS\LKH_LIB\Penalty_MTSP.c(37,34): warning :       |                                  ^
E:\code\c\c++\TSPDS\LKH_LIB\Penalty_MTSP.c(37,19): warning : conversion from ‘GainType’ {aka ‘long long int’} to ‘double’ may change value [-Wconversion]
E:\code\c\c++\TSPDS\LKH_LIB\Penalty_MTSP.c(37,19): warning :    37 |                 P += DistanceSum - DistanceLimit;
E:\code\c\c++\TSPDS\LKH_LIB\Penalty_MTSP.c(37,19): warning :       |                   ^~
E:\code\c\c++\TSPDS\LKH_LIB\Penalty_MTSP.c(37,19): warning : /home/qbw/projects/TSPDS/LKH
  Penalty_M_PDTSP.c
E:\code\c\c++\TSPDS\LKH_LIB\Penalty_M_PDTSP.c(13,50): warning : conversion to ‘long unsigned int’ from ‘int’ may change the sign of the result [-Wsign-conversion]
E:\code\c\c++\TSPDS\LKH_LIB\Penalty_M_PDTSP.c(13,50): warning :    13 |         ComLoad = (int *) malloc(DemandDimension * sizeof(int));
E:\code\c\c++\TSPDS\LKH_LIB\Penalty_M_PDTSP.c(13,50): warning :       |                                                  ^
E:\code\c\c++\TSPDS\LKH_LIB\Penalty_M_PDTSP.c(13,50): warning : /hom
  Penalty_OVRP.c
E:\code\c\c++\TSPDS\LKH_LIB\Penalty_OVRP.c(24,35): warning : conversion from ‘double’ to ‘GainType’ {aka ‘long long int’} may change value [-Wfloat-conversion]
E:\code\c\c++\TSPDS\LKH_LIB\Penalty_OVRP.c(24,35): warning :    24 |                     DistanceSum = N->Earliest;
E:\code\c\c++\TSPDS\LKH_LIB\Penalty_OVRP.c(24,35): warning :       |                                   ^
E:\code\c\c++\TSPDS\LKH_LIB\Penalty_OVRP.c(26,38): warning : conversion from ‘GainType’ {aka ‘long long int’} to ‘double’ may change value [-Wconversion]
E:\code\c\c++\TSPDS\LKH_LIB\Penalty_OVRP.c(26,38): warning :    26 |                     P += DistanceSum - N->Latest;
E:\code\c\c++\TSPDS\LKH_LIB\Penalty_OVRP.c(26,38): warning :       |                                      ^
E:\code\c\c++\TSPDS\LKH_LIB\Penalty_OVRP.c(26,23): warning : conversion from ‘GainType’ {aka ‘long long int’} to ‘double’ may change value [-Wconversion]
E:\code\c\c++\TSPDS\LKH_LIB\Penalty_OVRP.c(26,23): warning :    26 |                     P += DistanceSum - N->Latest;
E:\code\c\c++\TSPDS\LKH_LIB\Penalty_OVRP.c(26,23): warning :       |                       ^~
E:\code\c\c++\TSPDS\LKH_LIB\Penalty_OVRP.c(26,26): warning : conversion from ‘double’ to ‘GainType’ {aka ‘long long int’} may change value [-Wfloat-conversion]
E:\code\c\c++\TSPDS\LKH_LIB\Penalty_OVRP.c(26,26): warning :    26 |                     P += DistanceSum - N->Latest;
E:\code\c\c++\TSPDS\LKH_LIB\Penalty_OVRP.c(26,26): warning :       |                          ^~~~~~~~~~~
E:\code\c\c++\TSPDS\LKH_LIB\Penalty_OVRP.c(32,29): warning : conversion from ‘GainType’ {aka ‘long long int’} to ‘double’ may change value [-Wconversion]
E:\code\c\c++\TSPDS\LKH_LIB\Penalty_OVRP.c(32,29): warning :    32 |                 DistanceSum += N->ServiceTime;
E:\code\c\c++\TSPDS\LKH_LIB\Penalty_OVRP.c(32,29): warning :       |                             ^~
E:\code\c\c++\TSPDS\LKH_LIB\Penalty_OVRP.c(32,32): warning : conversion from ‘double’ to ‘GainType’ {aka ‘long long int’} may change value [-Wfloat-conversion]
E:\code\c\c++\TSPDS\LKH_LIB\Penalty_OVRP.c(32,32): warning :    32 |                 DistanceSum += N->ServiceTime;
E:\code\c\c++\TSPDS\LKH_LIB\Penalty_OVRP.c(32,32): warning :       |                                ^
E:\code\c\c++\TSPDS\LKH_LIB\Penalty_OVRP.c(41,32): warning : conversion from ‘GainType’ {aka ‘long long int’} to ‘double’ may change value [-Wconversion]
E:\code\c\c++\TSPDS\LKH_LIB\Penalty_OVRP.c(41,32): warning :    41 |             ((P += DistanceSum - DistanceLimit) > CurrentPenalty ||
E:\code\c\c++\TSPDS\LKH_LIB\Penalty_OVRP.c(41,32): warning :       |                                ^
E:\code\c\c++\TSPDS\LKH_LIB\Penalty_OVRP.c(41,17): warning : conversion from ‘GainType’ {aka ‘long long int’}
  Penalty_PCTSP.c
  Penalty_PDPTW.c
E:\code\c\c++\TSPDS\LKH_LIB\Penalty_PDPTW.c(22,23): warning : conversion from ‘double’ to ‘GainType’ {aka ‘long long int’} may change value [-Wfloat-conversion]
E:\code\c\c++\TSPDS\LKH_LIB\Penalty_PDPTW.c(22,23): warning :    22 |             CostSum = N->Earliest;
E:\code\c\c++\TSPDS\LKH_LIB\Penalty_PDPTW.c(22,23): warning :       |                       ^
E:\code\c\c++\TSPDS\LKH_LIB\Penalty_PDPTW.c(30,31): warning : conversion from ‘double’ to ‘GainType’ {aka ‘long long int’} may change value [-Wfloat-conversion]
E:\code\c\c++\TSPDS\LKH_LIB\Penalty_PDPTW.c(30,31): warning :    30 |                     CostSum = N->Earliest;
E:\code\c\c++\TSPDS\LKH_LIB\Penalty_PDPTW.c(30,31): warning :       |                               ^
E:\code\c\c++\TSPDS\LKH_LIB\Penalty_PDPTW.c(32,34): warning : conversion from ‘GainType’ {aka ‘long long int’} to ‘double’ may change value [-Wconversion]
E:\code\c\c++\TSPDS\LKH_LIB\Penalty_PDPTW.c(32,34): warning :    32 |                     P += CostSum - N->Latest;
E:\code\c\c++\TSPDS\LKH_LIB\Penalty_PDPTW.c(32,34): warning :       |                                  ^
E:\code\c\c++\TSPDS\LKH_LIB\Penalty_PDPTW.c(32,23): warning : conversion from ‘GainType’ {aka ‘long long int’} to ‘double’ may change value [-Wconversion]
E:\code\c\c++\TSPDS\LKH_LIB\Penalty_PDPTW.c(32,23): warning :    32 |                     P += CostSum - N->Latest;
E:\code\c\c++\TSPDS\LKH_LIB\Penalty_PDPTW.c(32,23): warning :       |                       ^~
E:\code\c\c++\TSPDS\LKH_LIB\Penalty_PDPTW.c(32,26): warning : conversion from ‘double’ to ‘GainType’ {aka ‘long long int’} may change value [-Wfloat-conversion]
E:\code\c\c++\TSPDS\LKH_LIB\Penalty_PDPTW.c(32,26): warning :    32 |                     P += CostSum - N->Latest;
E:\code\c\c++\TSPDS\LKH_LIB\Penalty_PDPTW.c(32,26): warning :       |                          ^~~~~~~
E:\code\c\c++\TSPDS\LKH_LIB\Penalty_PDPTW.c(57,25): warning : conversion from ‘GainType’ {aka ‘long long int’} to ‘double’ may change value [-Wconversion]
E:\code\c\c++\TSPDS\LKH_LIB\Penalty_PDPTW.c(57,25): warning :    57 |                 CostSum += N->ServiceTime;
E:\code\c\c++\TSPDS\LKH_LIB\Penalty_PDPTW.c(57,25): warning :       |                         ^~
E:\code\c\c++\TSPDS\LKH_LIB\Penalty_PDPTW.c(57,28): warning : conversion from ‘double’ to ‘GainType’ {aka ‘long long int’} may change value [-Wfloat-conversion]
E:\code\c\c++\TSPDS\LKH_LIB\Penalty_PDPTW.c(57,28): warning :    57 |                 CostSum += N->ServiceTime;
E:\code\c\c++\TSPDS\LKH_LIB\Penalty_PDPTW.c(57,28): warning :       |                            ^
E:\code\c\c++\TSPDS\LKH_LIB\Penalty_PDPTW.c(64,26): warning : conversion from ‘GainType’ {aka ‘long long int’} to ‘double’ may change value [-Wconversion]
E:\code\c\c++\TSPDS\LKH_LIB\Penalty_PDPTW.c(64,26): warning :    64 |             P += CostSum - Depot->Latest;
E:\code\c\c++\TSPDS\LKH_LIB\Penalty_PDPTW.c(64,26): warning :       |                          ^
  Penalty_PDTSP.c
  Penalty_PDTSPF.c
E:\code\c\c++\TSPDS\LKH_LIB\Penalty_PDTSPF.c(15,41): warning : conversion to ‘long unsigned int’ from ‘int’ may change the sign of the result [-Wsign-conversion]
E:\code\c\c++\TSPDS\LKH_LIB\Penalty_PDTSPF.c(15,41): warning :    15 |         Queue = (int *) malloc(Capacity * sizeof(int));
E:\code\c\c++\TSPDS\LKH_LIB\Penalty_PDTSPF.c(15,41): warning :       |                                         ^
  Penalty_PDTSPL.c
E:\code\c\c++\TSPDS\LKH_LIB\Penalty_PDTSPL.c(15,36): warning : conversion to ‘long unsigned int’ from ‘int’ may change the sign of the result [-Wsign-conversion]
E:\code\c\c++\TSPDS\LKH_LIB\Penalty_PDTSPL.c(15,36): warning :    15 |         Stack = (int *) malloc(Dim * sizeof(int));
E:\code\c\c++\TSPDS\LKH_LIB\Penalty_PDTSPL.c(15,36): warning :       |                                    ^
  Penalty_PTSP.c
E:\code\c\c++\TSPDS\LKH_LIB\Penalty_PTSP.c(20,26): warning : conversion to ‘long unsigned int’ from ‘int’ may change the sign of the result [-Wsign-conversion]
E:\code\c\c++\TSPDS\LKH_LIB\Penalty_PTSP.c(20,26): warning :    20 |     t = (int *) malloc(n * sizeof(int));
E:\code\c\c++\TSPDS\LKH_LIB\Penalty_PTSP.c(20,26): warning :       |                          ^
E:\code\c\c++\TSPDS\LKH_LIB\Penalty_PTSP.c(26,30): warning : conversion to ‘long unsigned int’ from ‘int’ may change the sign of the result [-Wsign-conversion]
E:\code\c\c++\TSPDS\LKH_LIB\Penalty_PTSP.c(26,30): warning :    26 |     Q = (double **) malloc(n * sizeof(double *));
E:\code\c\c++\TSPDS\LKH_LIB\Penalty_PTSP.c(26,30): warning :       |                              ^
E:\code\c\c++\TSPDS\LKH_LIB\Penalty_PTSP.c(28,36): warning : conversion to ‘long unsigned int’ from ‘int’ may change the sign of the result [-Wsign-conversion]
E:\code\c\c++\TSPDS\LKH_LIB\Penalty_PTSP.c(28,36): warning :    28 |         Q[i] = (double *) malloc(n * sizeof(double));
E:\code\c\c++\TSPDS\LKH_LIB\Penalty_PTSP.c(28,36): warning :       |                                    ^
E:\code\c\c++\TSPDS\LKH_LIB\Penalty_PTSP.c(45,18): warning : conversion from ‘double’ to ‘GainType’ {aka ‘long long int’} may change value [-Wfloat-conversion]
E:\code\c\c++\TSPDS\LKH_LIB\Penalty_PTSP.c(45,18): warning :    45 |     return 100.0 * P;
E:\code\c\c++\TSPDS\LKH_LIB\Penalty_PTSP.c(45,18): warning :       |            ~~~~~~^~~
E:\code\c\c++\TSPDS\LKH_LIB\Penalty_PTSP.c(54,28): warning : conversion to ‘long unsigned int’ from ‘int’ may change the sign of the result [-Wsign-conversion]
E:\code\c\c++\TSPDS\LKH_LIB\Penalty_PTSP.c(54,28): warning :    54 |     T = (Node **) malloc(n * sizeof(Node *));
E:\code\c\c++\TSPDS\LKH_LIB\Penalty_PTSP.c(54,28): warning :       |                            ^
E:\code\c\c++\TSPDS\LKH_LIB\Penalty_PTSP.c(86,16): warning : conversion from ‘double’ to ‘GainType’ {aka ‘long long int’} may change value [-Wfloat-conversion]
E:\code\c\c++\TSPDS\LKH_LIB\Penalty_PTSP.c(86,16): warning :    86 |     return 100 * P;
E:\code\c\c++\TSPDS\LKH_LIB\Penalty_PTSP.c(86,16): warning :       |            ~~~~^~~
E:\code\c\c++\TSPDS\LKH_LIB\Penalty_PTSP.c(96,28): warning : conversion to ‘long unsigned int’ from ‘int’ may change the sign of the result [-Wsign-conversion]
E:\code\c\c++\TSPDS\LKH_LIB\Penalty_PTSP.c(96,28): warning :    96 |     T = (Node **) malloc(n * sizeof(Node *));
E:\code\c\c++\TSPDS\LKH_LIB\Penalty_PTSP.c(96,28): warning :       |                            ^
E:\code\c\c++\TSPDS\LKH_LIB\Penalty_PTSP.c(107,32): warning : conversion from ‘GainType’ {aka ‘long long int’} to ‘double’ may change value [-Wconversion]
E:\code\c\c++\TSPDS\LKH_LIB\Penalty_PTSP.c(107,32): warning :   107 |         P += pow(1 - p, r - 1) * L;
E:\code\c\c++\TSPDS\LKH_LIB\Penalty_PTSP.c(107,32): warning :       |                                ^
  Penalty_RCTVRP.c
E:\code\c\c++\TSPDS\LKH_LIB\Penalty_RCTVRP.c(20,23): warning : conversion from ‘double’ to ‘GainType’ {aka ‘long long int’} may change value [-Wfloat-conversion]
E:\code\c\c++\TSPDS\LKH_LIB\Penalty_RCTVRP.c(20,23): warning :    20 |             CostSum = N->Earliest;
E:\code\c\c++\TSPDS\LKH_LIB\Penalty_RCTVRP.c(20,23): warning :       |                       ^
E:\code\c\c++\TSPDS\LKH_LIB\Penalty_RCTVRP.c(24,31): warning : conversion from ‘double’ to ‘GainType’ {aka ‘long long int’} may change value [-Wfloat-conversion]
E:\code\c\c++\TSPDS\LKH_LIB\Penalty_RCTVRP.c(24,31): warning :    24 |                     CostSum = N->Earliest;
E:\code\c\c++\TSPDS\LKH_LIB\Penalty_RCTVRP.c(24,31): warning :       |                               ^
E:\code\c\c++\TSPDS\LKH_LIB\Penalty_RCTVRP.c(26,36): warning : conversion from ‘GainType’ {aka ‘long long int’} to ‘double’ may change value [-Wconversion]
E:\code\c\c++\TSPDS\LKH_LIB\Penalty_RCTVRP.c(26,36): warning :    26 |                     ((P += CostSum - N->Latest) > CurrentPenalty ||
E:\code\c\c++\TSPDS\LKH_LIB\Penalty_RCTVRP.c(26,36): warning :       |                                    ^
E:\code\c\c++\TSPDS\LKH_LIB\Penalty_RCTVRP.c(26,25): warning : conversion from ‘GainType’ {aka ‘long long int’} to ‘double’ may change value [-Wconversion]
E:\code\c\c++\TSPDS\LKH_LIB\Penalty_RCTVRP.c(26,25): warning :    26 |                     ((P += CostSum - N->Latest) > CurrentPenalty ||
E:\code\c\c++\TSPDS\LKH_LIB\Penalty_RCTVRP.c(26,25): warning :       |                         ^~
E:\code\c\c++\TSPDS\LKH_LIB\Penalty_RCTVRP.c(26,28): warning : conversion from ‘double’ to ‘GainType’ {aka ‘long long int’} may change value [-Wfloat-conversion]
E:\code\c\c++\TSPDS\LKH_LIB\Penalty_RCTVRP.c(26,28): warning :    26 |                     ((P += CostSum - N->Latest) > CurrentPenalty ||
E:\code\c\c++\TSPDS\LKH_LIB\Penalty_RCTVRP.c(26,28): warning :       |                            ^~~~~~~
E:\code\c\c++\TSPDS\LKH_LIB\Penalty_RCTVRP.c(32,25): warning : conversion from ‘GainType’ {aka ‘long long int’} to ‘double’ may change value [-Wconversion]
E:\code\c\c++\TSPDS\LKH_LIB\Penalty_RCTVRP.c(32,25): warning :    32 |                 CostSum += N->ServiceTime;
E:\code\c\c++\TSPDS\LKH_LIB\Penalty_RCTVRP.c(32,25): warning :       |                         ^~
E:\code\c\c++\TSPDS\LKH_LIB\Penalty_RCTVRP.c(32,28): warning : conversion from ‘double’ to ‘GainType’ {aka ‘long long int’} may change value [-Wfloat-conversion]
E:\code\c\c++\TSPDS\LKH_LIB\Penalty_RCTVRP.c(32,28): warning :    32 |                 CostSum += N->ServiceTime;
E:\code\c\c++\TSPDS\LKH_LIB\Penalty_RCTVRP.c(32,28): warning :       |                            ^
E:\code\c\c++\TSPDS\LKH_LIB\Penalty_RCTVRP.c(45,32): warning : conversion from ‘GainType’ {aka ‘long long int’} to ‘double’ may change value [-Wconversion]
E:\code\c\c++\TSPDS\LKH_LIB\Penalty_RCTVRP.c(45,32): warning :    45 |                 ((P += CostSum - DistanceLimit) > CurrentPenalty ||
E:\code\c\c++\TSPDS\LKH_LIB\Penalty_RCTVRP.c(45,32): warning :       |                                ^
E:\code\c\c++\TSPDS\LKH_LIB\Penalty_RCTVRP.c(45,21): warning : conversion from ‘GainType’ {aka ‘long long int’} to ‘double’ may change value [-Wconversion]
E:\code\c\c++\TSPDS\LKH_LIB\Penalty_RCTVRP.c(45,21): warning :    45 |                 ((P += CostSum - DistanceLimit) > CurrentPenalty ||
E:\code\c\c++\TSPDS\LKH_LIB\Penalty_RCTVRP.c(45,21): warning :       |                     ^~
E:\code\c\c++\TSPDS\LKH_LIB\Penalty_RCTVRP.c(45,24): warning : conversion from ‘double’ to ‘GainType’ {aka ‘long long int’} may change value [-Wfloat-conversion]
E:\code\c\c++\TSPDS\LKH_LIB\Penalty_RCTVRP.c(45,24): warning :    45 |                 ((P += CostSum - DistanceLimit) > CurrentPenalty ||
E:\code\c\c++\TSPDS\LKH_LIB\Penalty_RCTVRP.c(45,24): warning :       |                        ^~~~~~~
E:\code\c\c++\TSPDS\LKH_LIB\Penalty_RCTVRP.c(53,28): warning : conversion from ‘GainType’ {aka ‘long long int’} to ‘double’ may change value [-Wconversion]
E:\code\c\c++\TSPDS\LKH_LIB\Penalty_RCTVRP.c(53,28): warning :    53 |             ((P += CostSum - Depot->Latest) > CurrentPenalty ||
E:\code\c\c++\TSPDS\LKH_LIB\Penalty_RCTVRP.c(53,28): warning :       |                            ^
E:\code\c\c++\TSPDS\LKH_LIB\Penalty_RCTVRP.c(53,17): warning : conversi
  Penalty_SOP.c
  Penalty_TRP.c
E:\code\c\c++\TSPDS\LKH_LIB\Penalty_TRP.c(24,29): warning : conversion from ‘GainType’ {aka ‘long long int’} to ‘double’ may change value [-Wconversion]
E:\code\c\c++\TSPDS\LKH_LIB\Penalty_TRP.c(24,29): warning :    24 |                 DistanceSum += NextN->ServiceTime;
E:\code\c\c++\TSPDS\LKH_LIB\Penalty_TRP.c(24,29): warning :       |                             ^~
E:\code\c\c++\TSPDS\LKH_LIB\Penalty_TRP.c(24,32): warning : conversion from ‘double’ to ‘GainType’ {aka ‘long long int’} may change value [-Wfloat-conversion]
E:\code\c\c++\TSPDS\LKH_LIB\Penalty_TRP.c(24,32): warning :    24 |                 DistanceSum += NextN->ServiceTime;
E:\code\c\c++\TSPDS\LKH_LIB\Penalty_TRP.c(24,32): warning :       |                                ^~~~~
E:\code\c\c++\TSPDS\LKH_LIB\Penalty_TRP.c(24,32): warning : /home/qbw/projects/TSPDS/LKH
  Penalty_TSPDL.c
  Penalty_TSPPD.c
  Penalty_TSPTW.c
E:\code\c\c++\TSPDS\LKH_LIB\Penalty_TSPTW.c(13,23): warning : conversion from ‘double’ to ‘GainType’ {aka ‘long long int’} may change value [-Wfloat-conversion]
E:\code\c\c++\TSPDS\LKH_LIB\Penalty_TSPTW.c(13,23): warning :    13 |                 Sum = N->Earliest;
E:\code\c\c++\TSPDS\LKH_LIB\Penalty_TSPTW.c(13,23): warning :       |                       ^
E:\code\c\c++\TSPDS\LKH_LIB\Penalty_TSPTW.c(15,32): warning : conversion from ‘GainType’ {aka ‘long long int’} to ‘double’ may change value [-Wconversion]
E:\code\c\c++\TSPDS\LKH_LIB\Penalty_TSPTW.c(15,32): warning :    15 |                      (P += Sum - N->Latest) > CurrentPenalty)
E:\code\c\c++\TSPDS\LKH_LIB\Penalty_TSPTW.c(15,32): warning :       |                                ^
E:\code\c\c++\TSPDS\LKH_LIB\Penalty_TSPTW.c(15,25): warning : conversion from ‘GainType’ {aka ‘long long int’} to ‘double’ may change value [-Wconversion]
E:\code\c\c++\TSPDS\LKH_LIB\Penalty_TSPTW.c(15,25): warning :    15 |                      (P += Sum - N->Latest) > CurrentPenalty)
E:\code\c\c++\TSPDS\LKH_LIB\Penalty_TSPTW.c(15,25): warning :       |                         ^~
E:\code\c\c++\TSPDS\LKH_LIB\Penalty_TSPTW.c(15,28): warning : conversion from ‘double’ to ‘GainType’ {aka ‘long long int’} may change value [-Wfloat-conversion]
E:\code\c\c++\TSPDS\LKH_LIB\Penalty_TSPTW.c(15,28): warning :    15 |                      (P += Sum - N->Latest) > CurrentPenalty)
E:\code\c\c++\TSPDS\LKH_LIB\Penalty_TSPTW.c(15,28): warning :       |                            ^~~
E:\code\c\c++\TSPDS\LKH_LIB\Penalty_TSPTW.c(23,20): warning : conversion from ‘GainType’ {aka ‘long long int’} to ‘double’ may change value [-Wconversion]
E:\code\c\c++\TSPDS\LKH_LIB\Penalty_TSPTW.c(23,20): warning :    23 |         ((P += Sum - Depot->Latest) > CurrentPenalty ||
E:\code\c\c++\TSPDS\LKH_LIB\Penalty_TSPTW.c(23,20): warning :       |                    ^
E:\code\c\c++\TSPDS\LKH_LIB\Penalty_TSPTW.c(23,13): warning : conversion from ‘GainType’ {aka ‘long long int’} to ‘double’ may change value [-Wconversion]
E:\code\c\c++\TSPDS\LKH_LIB\Penalty_TSPTW.c(23,13): warning :    23 |         ((P += Sum - Depot->Latest) > CurrentPenalty ||
E:\code\c\c++\TSPDS\LKH_LIB\Penalty_TSPTW.c(23,13): warning :       |             ^~
E:\code\c\c++\TSPDS\LKH_LIB\Penalty_TSPTW.c(23,13): warning : /home/qbw/projects/TSP
  Penalty_VRPB.c
  Penalty_VRPBTW.c
E:\code\c\c++\TSPDS\LKH_LIB\Penalty_VRPBTW.c(23,23): warning : conversion from ‘double’ to ‘GainType’ {aka ‘long long int’} may change value [-Wfloat-conversion]
E:\code\c\c++\TSPDS\LKH_LIB\Penalty_VRPBTW.c(23,23): warning :    23 |             CostSum = N->Earliest;
E:\code\c\c++\TSPDS\LKH_LIB\Penalty_VRPBTW.c(23,23): warning :       |                       ^
E:\code\c\c++\TSPDS\LKH_LIB\Penalty_VRPBTW.c(27,31): warning : conversion from ‘double’ to ‘GainType’ {aka ‘long long int’} may change value [-Wfloat-conversion]
E:\code\c\c++\TSPDS\LKH_LIB\Penalty_VRPBTW.c(27,31): warning :    27 |                     CostSum = N->Earliest;
E:\code\c\c++\TSPDS\LKH_LIB\Penalty_VRPBTW.c(27,31): warning :       |                               ^
E:\code\c\c++\TSPDS\LKH_LIB\Penalty_VRPBTW.c(29,34): warning : conversion from ‘GainType’ {aka ‘long long int’} to ‘double’ may change value [-Wconversion]
E:\code\c\c++\TSPDS\LKH_LIB\Penalty_VRPBTW.c(29,34): warning :    29 |                     P += CostSum - N->Latest;
E:\code\c\c++\TSPDS\LKH_LIB\Penalty_VRPBTW.c(29,34): warning :       |                                  ^
E:\code\c\c++\TSPDS\LKH_LIB\Penalty_VRPBTW.c(29,23): warning : conversion from ‘GainType’ {aka ‘long long int’} to ‘double’ may change value [-Wconversion]
E:\code\c\c++\TSPDS\LKH_LIB\Penalty_VRPBTW.c(29,23): warning :    29 |                     P += CostSum - N->Latest;
E:\code\c\c++\TSPDS\LKH_LIB\Penalty_VRPBTW.c(29,23): warning :       |                       ^~
E:\code\c\c++\TSPDS\LKH_LIB\Penalty_VRPBTW.c(29,26): warning : conversion from ‘double’ to ‘GainType’ {aka ‘long long int’} may change value [-Wfloat-conversion]
E:\code\c\c++\TSPDS\LKH_LIB\Penalty_VRPBTW.c(29,26): warning :    29 |                     P += CostSum - N->Latest;
E:\code\c\c++\TSPDS\LKH_LIB\Penalty_VRPBTW.c(29,26): warning :       |                          ^~~~~~~
E:\code\c\c++\TSPDS\LKH_LIB\Penalty_VRPBTW.c(41,25): warning : conversion from ‘GainType’ {aka ‘long long int’} to ‘double’ may change value [-Wconversion]
E:\code\c\c++\TSPDS\LKH_LIB\Penalty_VRPBTW.c(41,25): warning :    41 |                 CostSum += ServiceTime;
E:\code\c\c++\TSPDS\LKH_LIB\Penalty_VRPBTW.c(41,25): warning :       |                         ^~
E:\code\c\c++\TSPDS\LKH_LIB\Penalty_VRPBTW.c(41,28): warning : conversion from ‘double’ to ‘GainType’ {aka ‘long long int’} may change value [-Wfloat-conversion]
E:\code\c\c++\TSPDS\LKH_LIB\Penalty_VRPBTW.c(41,28): warning :    41 |                 CostSum += ServiceTime;
E:\code\c\c++\TSPDS\LKH_LIB\Penalty_VRPBTW.c(41,28): warning :       |                            ^~~~~~~~~~~
E:\code\c\c++\TSPDS\LKH_LIB\Penalty_VRPBTW.c(49,28): warning : conversion from ‘GainType’ {aka ‘long long int’} to ‘double’ may change value [-Wconversion]
E:\code\c\c++\TSPDS\LKH_LIB\Penalty_VRPBTW.c(49,28): warning :    49 |             ((P += CostSum - Depot->Latest) > CurrentPenalty ||
E:\code\c\c++\TSPDS\LKH_LIB\Penalty_VRPBTW.c(49,28): warning :       |                            ^
E:\code\c\c++\TSPDS\LKH_LIB\Penalty_VRPBTW.c(49,17): warning : conversion from ‘GainType’ {aka ‘long long int’} to ‘double’ may change value [-Wconversion]
E:\code\c\c++\TSPDS\LKH_LIB\Penalty_VRPBTW.c(49,17): warning :    49 |             ((P += CostSum - Depot->Latest) > CurrentPenalty ||
E:\code\c\c++\TSPDS\LKH_LIB\Penalty_VRPBTW.c(49,17): warning :       |                 ^~
E:\code\c\c++\TSPDS\LKH_LIB\Penalty_VRPBTW.c(49,20): warning : conversion from ‘double’ to ‘GainType’ {aka ‘long long int’} may change value [-Wflo
  Penalty_VRPPD.c
E:\code\c\c++\TSPDS\LKH_LIB\Penalty_VRPPD.c(37,20): warning : conversion from ‘double’ to ‘GainType’ {aka ‘long long int’} may change value [-Wfloat-conversion]
E:\code\c\c++\TSPDS\LKH_LIB\Penalty_VRPPD.c(37,20): warning :    37 |         Duration = Depot->Earliest;
E:\code\c\c++\TSPDS\LKH_LIB\Penalty_VRPPD.c(37,20): warning :       |                    ^~~~~
E:\code\c\c++\TSPDS\LKH_LIB\Penalty_VRPPD.c(47,32): warning : conversion from ‘double’ to ‘GainType’ {aka ‘long long int’} may change value [-Wfloat-conversion]
E:\code\c\c++\TSPDS\LKH_LIB\Penalty_VRPPD.c(47,32): warning :    47 |                     Duration = N->Earliest;
E:\code\c\c++\TSPDS\LKH_LIB\Penalty_VRPPD.c(47,32): warning :       |                                ^
E:\code\c\c++\TSPDS\LKH_LIB\Penalty_VRPPD.c(49,35): warning : conversion from ‘GainType’ {aka ‘long long int’} to ‘double’ may change value [-Wconversion]
E:\code\c\c++\TSPDS\LKH_LIB\Penalty_VRPPD.c(49,35): warning :    49 |                     P += Duration - N->Latest;
E:\code\c\c++\TSPDS\LKH_LIB\Penalty_VRPPD.c(49,35): warning :       |                                   ^
E:\code\c\c++\TSPDS\LKH_LIB\Penalty_VRPPD.c(49,23): warning : conversion from ‘GainType’ {aka ‘long long int’} to ‘double’ may change value [-Wconversion]
E:\code\c\c++\TSPDS\LKH_LIB\Penalty_VRPPD.c(49,23): warning :    49 |                     P += Duration - N->Latest;
E:\code\c\c++\TSPDS\LKH_LIB\Penalty_VRPPD.c(49,23): warning :       |                       ^~
E:\code\c\c++\TSPDS\LKH_LIB\Penalty_VRPPD.c(49,26): warning : conversion from ‘double’ to ‘GainType’ {aka ‘long long int’} may change value [-Wfloat-conversion]
E:\code\c\c++\TSPDS\LKH_LIB\Penalty_VRPPD.c(49,26): warning :    49 |                     P += Duration - N->Latest;
E:\code\c\c++\TSPDS\LKH_LIB\Penalty_VRPPD.c(49,26): warning :       |                          ^~~~~~~~
E:\code\c\c++\TSPDS\LKH_LIB\Penalty_VRPPD.c(54,26): warning : conversion from ‘GainType’ {aka ‘long long int’} to ‘double’ may change value [-Wconversion]
E:\code\c\c++\TSPDS\LKH_LIB\Penalty_VRPPD.c(54,26): warning :    54 |                 Duration += N->ServiceTime;
E:\code\c\c++\TSPDS\LKH_LIB\Penalty_VRPPD.c(54,26): warning :       |                          ^~
E:\code\c\c++\TSPDS\LKH_LIB\Penalty_VRPPD.c(54,29): warning : conversion from ‘double’ to ‘GainType’ {aka ‘long long int’} may change value [-Wfloat-conversion]
E:\code\c\c++\TSPDS\LKH_LIB\Penalty_VRPPD.c(54,29): warning :    54 |                 Duration += N->ServiceTime;
E:\code\c\c++\TSPDS\LKH_LIB\Penalty_VRPPD.c(54,29): warning :       |                             ^
E:\code\c\c++\TSPDS\LKH_LIB\Penalty_VRPPD.c(59,31): warning : conversion from ‘GainType’ {aka ‘long long int’} to ‘double’ may change value [-Wconversion]
E:\code\c\c++\TSPDS\LKH_LIB\Penalty_VRPPD.c(59,31): warning :    59 |                 P += Duration - DistanceLimit;
E:\code\c\c++\TSPDS\LKH_LIB\Penalty_VRPPD.c(59,31): warning :       |                               ^
E:\code\c\c++\TSPDS\LKH_LIB\Penalty_VRPPD.c(59,19): warning : conversion from ‘GainType’ {aka ‘long long int’} to ‘double’ may change value [-Wconversion]
E:\code\c\c++\TSPDS\LKH_LIB\Penalty_VRPPD.c(59,19): warning :    59 |                 P += Duration - DistanceLimit;
E:\code\c\c++\TSPDS\LKH_LIB\Penalty_VRPPD.c(59,19): warning :       |                   ^~
E:\code\c\c++\TSPDS\LKH_LIB\Penalty_VRPPD.c(59,22): warning : conversion from ‘double’ to ‘GainType’ {aka ‘long long int’} may change value [-Wfloat-conversion]
E:\code\c\c++\TSPDS\LKH_LIB\Penalty_VRPPD.c(59,22): warning :    59 |                 P += Duration - DistanceLimit;
E:\code\c\c++\TSPDS\LKH_LIB\Penalty_VRPPD.c(59,22): warning :       |                      ^~~~~~~~
E:\code\c\c++\TSPDS\LKH_LIB\Penalty_VRPPD.c(63,28): warning : conversion from ‘GainType’ {aka ‘long long int’} to ‘double’ may change value [-Wconversion]
E:\code\c\c++\TSPDS\LKH_LIB\Penalty_VRPPD.c(63,28): warning :    63 |             (P += Duration - Depot->Latest) > CurrentPenalty) {
E:\code\c\c++\TSPDS\LKH_LIB\Penalty_VRPPD.c(63,28): warning :       |                            ^
E:\code\c\c++\TSPDS\LKH_LIB\Penalty_VRPPD.c(63,16): warning : conversion from ‘GainType’ {aka ‘long long int’} to ‘double’ may change value [-Wconversion]
E:\code\c\c++\TSPDS\LKH_LIB\Penalty_VRPPD.c(63,16): warning :    63 |             (P += Duration - Depot->Latest) > CurrentPenalty) {
E:\code\c\c++\TSPDS\LKH_LIB\Penalty_VRPPD.c(63,16): warning :       |                ^~
E:\code\c\c++\TSPDS\LKH_LIB\Penalty_VRPPD.c(63,19): warning : conversion from ‘double’ to ‘GainType’ {aka ‘long long int’} may change value [-Wfloat-conversion
  printff.c
  PrintParameters.c
  Random.c
E:\code\c\c++\TSPDS\LKH_LIB\Random.c(55,20): warning : conversion to ‘unsigned int’ from ‘int’ may change the sign of the result [-Wsign-conversion]
E:\code\c\c++\TSPDS\LKH_LIB\Random.c(55,20): warning :    55 |     return (arr[a] = t);
E:\code\c\c++\TSPDS\LKH_LIB\Random.c(55,20): warning :       |            ~~~~~~~~^~~~
E:\code\c\c++\TSPDS\LKH_LIB\Random.c(55,20): warning : /home/qbw/pr
  ReadCandidates.c
E:\code\c\c++\TSPDS\LKH_LIB\ReadCandidates.c(57,47): warning : conversion to ‘size_t’ {aka ‘long unsigned int’} from ‘int’ may change the sign of the result [-Wsign-conversion]
E:\code\c\c++\TSPDS\LKH_LIB\ReadCandidates.c(57,47): warning :    57 |                    (Candidate *) calloc(Count + 1, sizeof(Candidate));
E:\code\c\c++\TSPDS\LKH_LIB\ReadCandidates.c(57,47): warning :       |                                         ~~~~~~^~~
  ReadEdges.c
E:\code\c\c++\TSPDS\LKH_LIB\ReadEdges.c(25,42): warning : conversion to ‘size_t’ {aka ‘long unsigned int’} from ‘int’ may change the sign of the result [-Wsign-conversion]
E:\code\c\c++\TSPDS\LKH_LIB\ReadEdges.c(25,42): warning :    25 |     node_set = (node *) calloc(Dimension + 1, sizeof(node));
E:\code\c\c++\TSPDS\LKH_LIB\ReadEdges.c(25,42): warning :       |                                ~~~~~~~~~~^~~
  ReadLine.c
E:\code\c\c++\TSPDS\LKH_LIB\ReadLine.c(28,44): warning : conversion to ‘size_t’ {aka ‘long unsigned int’} from ‘int’ may change the sign of the result [-Wsign-conversion]
E:\code\c\c++\TSPDS\LKH_LIB\ReadLine.c(28,44): warning :    28 |         Buffer = (char *) malloc(MaxBuffer = 80);
E:\code\c\c++\TSPDS\LKH_LIB\ReadLine.c(28,44): warning :       |                                  ~~~~~~~~~~^~~~
E:\code\c\c++\TSPDS\LKH_LIB\ReadLine.c(33,47): warning : conversion to ‘size_t’ {aka ‘long unsigned int’} from ‘int’ may change the sign of the result [-Wsign-conversion]
E:\code\c\c++\TSPDS\LKH_LIB\ReadLine.c(33,47): warning :    33 |             Buffer = (char *) realloc(Buffer, MaxBuffer);
E:\code\c\c++\TSPDS\LKH_LIB\ReadLine.c(33,47): warning :       |                                               ^~~~~~~~~
E:\code\c\c++\TSPDS\LKH_LIB\ReadLine.c(33,47): warning : /home/qbw/projec
  ReadParameters.c
E:\code\c\c++\TSPDS\LKH_LIB\ReadParameters.c(654,63): warning : conversion to ‘long unsigned int’ from ‘int’ may change the sign of the result [-Wsign-conversion]
E:\code\c\c++\TSPDS\LKH_LIB\ReadParameters.c(654,63): warning :   654 |                                          (CandidateFiles + 1) * sizeof(char *));
E:\code\c\c++\TSPDS\LKH_LIB\ReadParameters.c(654,63): warning :       |                                                               ^
E:\code\c\c++\TSPDS\LKH_LIB\ReadParameters.c(717,58): warning : conversion to ‘long unsigned int’ from ‘int’ may change the sign of the result [-Wsign-conversion]
E:\code\c\c++\TSPDS\LKH_LIB\ReadParameters.c(717,58): warning :   717 |                                          (EdgeFiles + 1) * sizeof(char *));
E:\code\c\c++\TSPDS\LKH_LIB\ReadParameters.c(717,58): warning :       |                                                          ^
E:\code\c\c++\TSPDS\LKH_LIB\ReadParameters.c(717,58): warning : /home/qbw/projects/TSPDS/LKH_L
  ReadPenalties.c
  ReadProblem.c
E:\code\c\c++\TSPDS\LKH_LIB\ReadProblem.c(544,44): warning : conversion to ‘size_t’ {aka ‘long unsigned int’} from ‘int’ may change the sign of the result [-Wsign-conversion]
E:\code\c\c++\TSPDS\LKH_LIB\ReadProblem.c(544,44): warning :   544 |             N->MergeSuc = (Node **) calloc(MergeTourFiles, sizeof(Node *));
E:\code\c\c++\TSPDS\LKH_LIB\ReadProblem.c(544,44): warning :       |                                            ^~~~~~~~~~~~~~
E:\code\c\c++\TSPDS\LKH_LIB\ReadProblem.c(569,54): warning : conversion to ‘long unsigned int’ from ‘int’ may change the sign of the result [-Wsign-conversion]
E:\code\c\c++\TSPDS\LKH_LIB\ReadProblem.c(569,54): warning :   569 |                     realloc(NodeSet, (1 + Dimension) * sizeof(Node));
E:\code\c\c++\TSPDS\LKH_LIB\ReadProblem.c(569,54): warning :       |                                                      ^
E:\code\c\c++\TSPDS\LKH_LIB\ReadProblem.c(643,36): warning : conversion to ‘long unsigned int’ from ‘time_t’ {aka ‘long int’} may change the sign of the result [-Wsign-conversion]
E:\code\c\c++\TSPDS\LKH_LIB\ReadProblem.c(643,36): warning :   643 |         Seed = (unsigned) (time(0) * (size_t) (&Seed));
E:\code\c\c++\TSPDS\LKH_LIB\ReadProblem.c(643,36): warning :       |                                    ^
E:\code\c\c++\TSPDS\LKH_LIB\ReadProblem.c(808,50): warning : conversion to ‘long unsigned int’ from ‘int’ may change the sign of the result [-Wsign-conversion]
E:\code\c\c++\TSPDS\LKH_LIB\ReadProblem.c(808,50): warning :   808 |         CostMatrix = (int *) calloc((size_t) Dim * (Dim - 1) / 2, sizeof(int));
E:\code\c\c++\TSPDS\LKH_LIB\ReadProblem.c(808,50): warning :       |                                                  ^
E:\code\c\c++\TSPDS\LKH_LIB\ReadProblem.c(812,51): warning : conversion to ‘long unsigned int’ from ‘int’ may change the sign of the result [-Wsign-conversion]
E:\code\c\c++\TSPDS\LKH_LIB\ReadProblem.c(812,51): warning :   812 |                 &CostMatrix[(size_t) (Ni->Id - 1) * (Ni->Id - 2) / 2] - 1;
E:\code\c\c++\TSPDS\LKH_LIB\ReadProblem.c(812,51): warning :       |                                                   ^
E:\code\c\c++\TSPDS\LKH_LIB\ReadProblem.c(842,44): warning : conversion from ‘double’ to ‘int’ may change value [-Wfloat-conversion]
E:\code\c\c++\TSPDS\LKH_LIB\ReadProblem.c(842,44): warning :   842 |                         NodeSet[i].C[j] += NodeSet[i].ServiceTime;
E:\code\c\c++\TSPDS\LKH_LIB\ReadProblem.c(842,44): warning :       |                                            ^~~~~~~
E:\code\c\c++\TSPDS\LKH_LIB\ReadProblem.c(931,57): warning : conversion to ‘long unsigned int’ from ‘int’ may change the sign of the result [-Wsign-conversion]
E:\code\c\c++\TSPDS\LKH_LIB\ReadProblem.c(931,57): warning :   931 |         MergeTourFile = (FILE **) malloc(MergeTourFiles * sizeof(FILE *));
E:\code\c\c++\TSPDS\LKH_LIB\ReadProblem.c(931,57): warning :       |                                                         ^
E:\code\c\c++\TSPDS\LKH_LIB\ReadProblem.c(1059,45): warning : conversion to ‘size_t’ {aka ‘long unsigned int’} from ‘int’ may change the sign of the result [-Wsign-conversion]
E:\code\c\c++\TSPDS\LKH_LIB\ReadProblem.c(1059,45): warning :  1059 |         NodeSet = (Node *) calloc(Dimension + 2, sizeof(Node));
E:\code\c\c++\TSPDS\LKH_LIB\ReadProblem.c(1059,45): warning :       |                                   ~~~~~~~~~~^~~
E:\code\c\c++\TSPDS\LKH_LIB\ReadProblem.c(1061,45): warning : conversion to ‘size_t’ {aka ‘long unsigned int’} from ‘int’ may change the sign of the result [-Wsign-conversion]
E:\code\c\c++\TSPDS\LKH_LIB\ReadProblem.c(1061,45): warning :  1061 |         NodeSet = (Node *) calloc(Dimension + 1, sizeof(Node));
E:\code\c\c++\TSPDS\LKH_LIB\ReadProblem.c(1061,45): warning :       |                                   ~~~~~~~~~~^~~
E:\code\c\c++\TSPDS\LKH_LIB\ReadProblem.c(1070,44): warning : conversion to ‘size_t’ {aka ‘long unsigned int’} from ‘int’ may change the sign of the result [-Wsign-conversion]
E:\code\c\c++\TSPDS\LKH_LIB\ReadProblem.c(1070,44): warning :  1070 |             N->MergeSuc = (Node **) calloc(MergeTourFiles, sizeof(Node *));
E:\code\c\c++\TSPDS\LKH_LIB\ReadProblem.c(1070,44): warning :       |                                            ^~~~~~~~~~~~~~
E:\code\c\c++\TSPDS\LKH_LIB\ReadProblem.c(1130,41): warning : conversion to ‘size_t’ {aka ‘long unsigned int’} from ‘int’ may change the sign of the result [-Wsign-conversion]
E:\code\c\c++\TSPDS\LKH_LIB\ReadProblem.c(1130,41): warning :  1130 |     ColorUsed = (int *) calloc(Salesmen + 1, sizeof(int));
E:\code\c\c++\TSPDS\LKH_LIB\ReadProblem.c(1130,41): warning :       |                                ~~~~~~~~~^~~
E:\code\c\c++\TSPDS\LKH_LIB\ReadProblem.c(1177,62): warning : conversion to ‘long unsigned int’ from ‘int’ may change the sign of the result [-Wsign-conversion]
E:\code\c\c++\TSPDS\LKH_LIB\ReadProblem.c(1177,62): warning :  1177 |                 N->M_Demand = (int *) malloc(DemandDimension * sizeof(int));
E:\code\c\c++\TSPDS\LKH_LIB\ReadProblem.c(1177,62): warning :       |                                                              ^
E:\code\c\c++\TSPDS\LKH_LIB\ReadProblem.c(1355,13): warning : conversion from ‘double’ to ‘int’ may change value [-Wfloat-conversion]
E:\code\c\c++\TSPDS\LKH_LIB\ReadProblem.c(1355,13): warning :  1355 |         W = round(Scale * w);
E:\code\c\c++\TSPDS\LKH_LIB\ReadProblem.c(1355,13): warning :       |             ^~~~~
E:\code\c\c++\TSPDS\LKH_LIB\ReadProblem.c(1376,25): warning : conversion from ‘double’ to ‘int’ may change value [-Wfloat-conversion]
E:\code\c\c++\TSPDS\LKH_LIB\ReadProblem.c(1376,25): warning :  1376 |                     W = round(Scale * w);
E:\code\c\c++\TSPDS\LKH_LIB\ReadProblem.c(1376,25): warning :       |                         ^~~~~
E:\code\c\c++\TSPDS\LKH_LIB\ReadProblem.c(1479,56): warning : conversion to ‘long unsigned int’ from ‘int’ may change the sign of the result [-Wsign-conversion]
E:\code\c\c++\TSPDS\LKH_LIB\ReadProblem.c(1479,56): warning :  1479 |         CostMatrix = (int *) calloc((size_t) Dimension * (Dimension - 1) / 2,
E:\code\c\c++\TSPDS\LKH_LIB\ReadProblem.c(1479,56): warning :       |                                                        ^
E:\code\c\c++\TSPDS\LKH_LIB\ReadProblem.c(1484,51): warning : conversion to ‘long unsigned int’ from ‘int’ may change the sign of the result [-Wsign-conversion]
E:\code\c\c++\TSPDS\LKH_LIB\ReadProblem.c(1484,51): warning :  1484 |                 &CostMatrix[(size_t) (Ni->Id - 1) * (Ni->Id - 2) / 2] - 1;
E:\code\c\c++\TSPDS\LKH_LIB\ReadProblem.c(1484,51): warning :       |                                                   ^
E:\code\c\c++\TSPDS\LKH_LIB\ReadProblem.c(1489,48): warning : conversion to ‘long unsigned int’ from ‘int’ may change the sign of the result [-Wsign-conversion]
E:\code\c\c++\TSPDS\LKH_LIB\ReadProblem.c(1489,48): warning :  1489 |         CostMatrix = (int *) calloc((size_t) n * n, sizeof(int));
E:\code\c\c++\TSPDS\LKH_LIB\ReadProblem.c(1489,48): warning :       |                                                ^
E:\code\c\c++\TSPDS\LKH_LIB\ReadProblem.c(1491,55): warning : conversion to ‘long unsigned int’ from ‘int’ may change the sign of the result [-Wsign-conversion]
E:\code\c\c++\TSPDS\LKH_LIB\ReadProblem.c(1491,55): warning :  1491 |             Ni->C = &CostMatrix[(size_t) (Ni->Id - 1) * n] - 1;
E:\code\c\c++\TSPDS\LKH_LIB\ReadProblem.c(1491,55): warning :       |                                                       ^
E:\code\c\c++\TSPDS\LKH_LIB\ReadProblem.c(1504,21): warning : conversion from ‘double’ to ‘int’ may change value [-Wfloat-conversion]
E:\code\c\c++\TSPDS\LKH_LIB\ReadProblem.c(1504,21): warning :  1504 |                 W = round(Scale * w);
E:\code\c\c++\TSPDS\LKH_LIB\ReadProblem.c(1504,21): warning :       |                     ^~~~~
E:\code\c\c++\TSPDS\LKH_LIB\ReadProblem.c(1521,21): warning : conversion from ‘double’ to ‘int’ may change value [-Wfloat-conversion]
E:\code\c\c++\TSPDS\LKH_LIB\ReadProblem.c(1521,21): warning :  1521 |                 W = round(Scale * w);
E:\code\c\c++\TSPDS\LKH_LIB\ReadProblem.c(1521,21): warning :       |                     ^~~~~
E:\code\c\c++\TSPDS\LKH_LIB\ReadProblem.c(1536,21): warning : conversion from ‘double’ to ‘int’ may change value [-Wfloat-conversion]
E:\code\c\c++\TSPDS\LKH_LIB\ReadProblem.c(1536,21): warning :  1536 |                 W = round(Scale * w);
E:\code\c\c++\TSPDS\LKH_LIB\ReadProblem.c(1536,21): warning :       |                     ^~~~~
E:\code\c\c++\TSPDS\LKH_LIB\ReadProblem.c(1553,21): warning : conversion from ‘double’ to ‘int’ may change value [-Wfloat-conversion]
E:\code\c\c++\TSPDS\LKH_LIB\ReadProblem.c(1553,21): warning :  1553 |                 W = round(Scale * w);
E:\code\c\c++\TSPDS\LKH_LIB\ReadProblem.c(1553,21): warning :       |                     ^~~~~
E:\code\c\c++\TSPDS\LKH_LIB\ReadProblem.c(1570,21): warning : conversion from ‘double’ to ‘int’ may change value [-Wfloat-conversion]
E:\code\c\c++\TSPDS\LKH_LIB\ReadProblem.c(1570,21): warning :  1570 |                 W = round(Scale * w);
E:\code\c\c++\TSPDS\LKH_LIB\ReadProblem.c(1570,21): warning :       |                     ^~~~~
E:\code\c\c++\TSPDS\LKH_LIB\ReadProblem.c(1586,21): warning : conversion from ‘double’ to ‘int’ may change value [-Wfloat-conversion]
E:\code\c\c++\TSPDS\LKH_LIB\ReadProblem.c(1586,21): warning :  1586 |                 W = round(Scale * w);
E:\code\c\c++\TSPDS\LKH_LIB\ReadProblem.c(1586,21): warning :       |                     ^~~~~
E:\code\c\c++\TSPDS\LKH_LIB\ReadProblem.c(1601,21): warning : conversion from ‘double’ to ‘int’ may change value [-Wfloat-conversion]
E:\code\c\c++\TSPDS\LKH_LIB\ReadProblem.c(1601,21): warning :  1601 |                 W = round(Scale * w);
E:\code\c\c++\TSPDS\LKH_LIB\ReadProblem.c(1601,21): warning :       |                     ^~~~~
E:\code\c\c++\TSPDS\LKH_LIB\ReadProblem.c(1618,21): warning : conversion from ‘double’ to ‘int’ may change value [-Wfloat-conversion]
E:\code\c\c++\TSPDS\LKH_LIB\ReadProblem.c(1618,21): warning :  1618 |                 W = round(Scale * w);
E:\code\c\c++\TSPDS\LKH_LIB\ReadProblem.c(1618,21): warning :       |                     ^~~~~
E:\code\c\c++\TSPDS\LKH_LIB\ReadProblem.c(1635,21): warning : conversion from ‘double’ to ‘int’ may change value [-Wfloat-conversion]
E:\code\c\c++\TSPDS\LKH_LIB\ReadProblem.c(1635,21): warning :  1635 |                 W = round(Scale * w);
E:\code\c\c++\TSPDS\LKH_LIB\ReadProblem.c(1635,21): warning :       |                     ^~~~~
E:\code\c\c++\TSPDS\LKH_LIB\ReadProblem.c(1845,39): warning : conversion to ‘size_t’ {aka ‘long unsigned int’} from ‘int’ may change the sign of the result [-Wsign-conversion]
E:\code\c\c++\TSPDS\LKH_LIB\ReadProblem.c(1845,39): warning :  1845 |     GroupUsed = (int *) calloc(Groups + 1, sizeof(int));
E:\code\c\c++\TSPDS\LKH_LIB\ReadProblem.c(1845,39): warning :       |                                ~~~~~~~^~~
E:\code\c\c++\TSPDS\LKH_LIB\ReadProblem.c(1876,44): warning : conversion to ‘long unsigned int’ from ‘int’ may change the sign of the result [-Wsign-conversion]
E:\code\c\c++\TSPDS\LKH_LIB\ReadProblem.c(1876,44): warning :  1876 |             (char *) malloc((Salesmen + 1) * sizeof(char));
E:\code\c\c++\TSPDS\LKH_LIB\ReadProblem.c(1876,44): warning :       |                                            ^
E:\code\c\c++\TSPDS\LKH_LIB\ReadProblem.c(1882,42): warning : conversion from ‘int’ to ‘char’ may change value [-Wconversion]
E:\code\c\c++\TSPDS\LKH_LIB\ReadProblem.c(1882,42): warning :  1882 |             NodeSet[i].ColorAllowed[j] = b;
E:\code\c\c++\TSPDS\LKH_LIB\ReadProblem.c(1882,42): warning :       |                                          ^
E:\code\c\c++\TSPDS\LKH_LIB\ReadProblem.c(1899,43): warning : conversion to ‘size_t’ {aka ‘long unsigned int’} from ‘int’ may change the sign of the result [-Wsign-conversion]
E:\code\c\c++\TSPDS\LKH_LIB\ReadProblem.c(1899,43): warning :  1899 |     ColorUsed = (char *) calloc(Dimension + 1, sizeof(char));
E:\code\c\c++\TSPDS\LKH_LIB\ReadProblem.c(1899,43): warning :       |                                 ~~~~~~~~~~^~~
E:\code\c\c++\TSPDS\LKH_LIB\ReadProblem.c(1902,44): warning : conversion to ‘long unsigned int’ from ‘int’ may change the sign of the result [-Wsign-conversion]
E:\code\c\c++\TSPDS\LKH_LIB\ReadProblem.c(1902,44): warning :  1902 |             (char *) malloc((Salesmen + 1) * sizeof(char));
E:\code\c\c++\TSPDS\LKH_LIB\ReadProblem.c(1902,44): warning :       |                                            ^
E:\code\c\c++\TSPDS\LKH_LIB\ReadProblem.c(1953,42): warning : conversion to ‘size_t’ {aka ‘long unsigned int’} from ‘int’ may change the sign of the result [-Wsign-conversion]
E:\code\c\c++\TSPDS\LKH_LIB\ReadProblem.c(1953,42): warning :  1953 |     ColorUsed = (char *) calloc(GVRPSets + 1, sizeof(char));
E:\code\c\c++\TSPDS\LKH_LIB\ReadProblem.c(1953,42): warning :       |                                 ~~~~~~~~~^~~
E:\code\c\c++\TSPDS\LKH_LIB\ReadProblem.c(1955,47): warning : conversion to ‘size_t’ {aka ‘long unsigned int’} from ‘int’ may change the sign of the result [-Wsign-conversion]
E:\code\c\c++\TSPDS\LKH_LIB\ReadProblem.c(1955,47): warning :  1955 |         ColorCount = (int *) calloc((GVRPSets + 1), sizeof(int));
E:\code\c\c++\TSPDS\LKH_LIB\ReadProblem.c(1955,47): warning :       |                                     ~~~~~~~~~~^~~~
E:\code\c\c++\TSPDS\LKH_LIB\ReadProblem.c(2619,44): warning : conversion to ‘long unsigned int’ from ‘int’ may change the sign of the result [-Wsign-conversion]
E:\code\c\c++\TSPDS\LKH_LIB\ReadProblem.c(2619,44): warning :  2619 |     CostMatrix = (int *) calloc((size_t) n * n, sizeof(int));
E:\code\c\c++\TSPDS\LKH_LIB\ReadProblem.c(2619,44): warning :       |                                            ^
E:\code\c\c++\TSPDS\LKH_LIB\ReadProblem.c(2622,46): warning : conversion to ‘long unsigned int’ from ‘int’ may change the sign of the result [-Wsign-conversion]
E:\code\c\c++\TSPDS\LKH_LIB\ReadProblem.c(2622,46): warning :  2622 |         Ni->C = &CostMatrix[(size_t) (i - 1) *
  RecordBestTour.c
  RecordBetterTour.c
  RemoveFirstActive.c
  ResetCandidateSet.c
  RestoreTour.c
  SegmentSize.c
  Sequence.c
E:\code\c\c++\TSPDS\LKH_LIB\Sequence.c(34,20): warning : conversion to ‘size_t’ {aka ‘long unsigned int’} from ‘int’ may change the sign of the result [-Wsign-conversion]
E:\code\c\c++\TSPDS\LKH_LIB\Sequence.c(34,20): warning :    34 |     qsort(p + 2, k - 1, sizeof(int), compare);
E:\code\c\c++\TSPDS\LKH_LIB\Sequence.c(34,20): warning :       |                  ~~^~~
  SFCTour.c
E:\code\c\c++\TSPDS\LKH_LIB\SFCTour.c(64,39): warning : conversion to ‘long unsigned int’ from ‘int’ may change the sign of the result [-Wsign-conversion]
E:\code\c\c++\TSPDS\LKH_LIB\SFCTour.c(64,39): warning :    64 |     Perm = (Node **) malloc(Dimension * sizeof(Node *));
E:\code\c\c++\TSPDS\LKH_LIB\SFCTour.c(64,39): warning :       |                                       ^
E:\code\c\c++\TSPDS\LKH_LIB\SFCTour.c(69,17): warning : conversion to ‘size_t’ {aka ‘long unsigned int’} from ‘int’ may change the sign of the result [-Wsign-conversion]
E:\code\c\c++\TSPDS\LKH_LIB\SFCTour.c(69,17): warning :    69 |     qsort(Perm, Dimension, sizeof(Node *), compare);
E:\code\c\c++\TSPDS\LKH_LIB\SFCTour.c(69,17): warning :       |                 ^~~~~~~~~
E:\code\c\c++\TSPDS\LKH_LIB\SFCTour.c(102,31): warning : conversion from ‘GainType’ {aka ‘long long int’} to ‘double’ may change value [-Wconversion]
E:\code\c\c++\TSPDS\LKH_LIB\SFCTour.c(102,31): warning :   102 |                         100.0 * (CurrentPenalty - Optimum) / Optimum);
E:\code\c\c++\TSPDS\LKH_LIB\SFCTour.c(102,31): warning :       |                               ^
E:\code\c\c++\TSPDS\LKH_LIB\SFCTour.c(102,60): warning : conversion from ‘GainType’ {aka ‘long long int’} to ‘double’ may change value [-Wconversion]
E:\code\c\c++\TSPDS\LKH_LIB\SFCTour.c(102,60): warning :   102 |                         100.0 * (CurrentPenalty - Optimum) / Optimum);
E:\code\c\c++\TSPDS\LKH_LIB\SFCTour.c(102,60): warning :       |                                                            ^
E:\code\c\c++\TSPDS\LKH_LIB\SFCTour.c(105,31): warning : conversion from ‘GainType’ {aka ‘long long int’} to ‘double’ may change value [-Wconversion]
E:\code\c\c++\TSPDS\LKH_LIB\SFCTour.c(105,31): warning :   105 |                         100.0 * (Cost - Optimum) / Optimum);
E:\code\c\c++\TSPDS\LKH_LIB\SFCTour.c(105,31): warning :       |                               ^
E:\code\c\c++\TSPDS\LKH_LIB\SFCTour.c(105,50): warning : conversion fr
  SINTEF_WriteSolution.c
  SolveCompressedSubproblem.c
  SolveDelaunaySubproblems.c
E:\code\c\c++\TSPDS\LKH_LIB\SolveDelaunaySubproblems.c(57,23): warning : conversion from ‘GainType’ {aka ‘long long int’} to ‘double’ may change value [-Wconversion]
E:\code\c\c++\TSPDS\LKH_LIB\SolveDelaunaySubproblems.c(57,23): warning :    57 |                 100.0 * (GlobalBestCost - Optimum) / Optimum);
E:\code\c\c++\TSPDS\LKH_LIB\SolveDelaunaySubproblems.c(57,23): warning :       |                       ^
E:\code\c\c++\TSPDS\LKH_LIB\SolveDelaunaySubproblems.c(57,52): warning : conversion from ‘GainType’ {aka ‘long long int’} to ‘double’ may change value [-Wconversion]
E:\code\c\c++\TSPDS\LKH_LIB\SolveDelaunaySubproblems.c(57,52): warning :    57 |                 100.0 * (GlobalBestCost - Optimum) / Optimum);
E:\code\c\c++\TSPDS\LKH_LIB\SolveDelaunaySubproblems.c(57,52): warning :       |                                                    ^
E:\code\c\c++\TSPDS\LKH_LIB\SolveDelaunaySubproblems.c(106,37): warning : conversion to ‘long unsigned int’ from ‘int’ may change the sign of the result [-Wsign-conversion]
E:\code\c\c++\TSPDS\LKH_LIB\SolveDelaunaySubproblems.c(106,37): warning :   106 |     EdgeSet = (Edge *) malloc(Count * sizeof(Edge));
E:\code\c\c++\TSPDS\LKH_LIB\SolveDelaunaySubproblems.c(106,37): warning :       |                                     ^
E:\code\c\c++\TSPDS\LKH_LIB\SolveDelaunaySubproblems.c(151,28): warning : conversion to ‘size_t’ {aka ‘long unsigned int’} from ‘int’ may change the sign of the result [-Wsign-conversion]
E:\code\c\c++\TSPDS\LKH_LIB\SolveDelaunaySubproblems.c(151,28): warning :   151 |             qsort(EdgeSet, Count, sizeof(Edge), compareFromTo);
E:\code\c\c++\TSPDS\LKH_LIB\SolveDelaunaySubproblems.c(151,28): warning :       |                            ^~~~~
E:\code\c\c++\TSPDS\LKH_LIB\SolveDelaunaySubproblems.c(163,58): warning : conversion to ‘long unsigned int’ from ‘int’ may change the sign of the result [-Wsign-conversion]
E:\code\c\c++\TSPDS\LKH_LIB\SolveDelaunaySubproblems.c(163,58): warning :   163 |                                        (Count1 + Count2) * sizeof(Edge));
E:\code\c\c++\TSPDS\LKH_LIB\SolveDelaunaySubproblems.c(163,58): warning :       |                                                          ^
E:\code\c\c++\TSPDS\LKH_LIB\SolveDelaunaySubproblems.c(174,41): warning : conversion to ‘size_t’ {aka ‘long unsigned int’} from ‘int’ may change the sign of the result [-Wsign-conversion]
E:\code\c\c++\TSPDS\LKH_LIB\SolveDelaunaySubproblems.c(174,41): warning :   174 |                         (&Key, EdgeSet, Count1, sizeof(Edge),
E:\code\c\c++\TSPDS\LKH_LIB\SolveDelaunaySubproblems.c(174,41): warning :       |                                         ^~~~~~
E:\code\c\c++\TSPDS\LKH_LIB\SolveDelaunaySubproblems.c(189,20): warning : conversion to ‘size_t’ {aka ‘long unsigned int’} from ‘int’ may change the sign of the result [-Wsign-conversion]
E:\code\c\c++\TSPDS\LKH_LIB\SolveDelaunaySubproblems.c(189,20): warning :   189 |     qsort(EdgeSet, Count, sizeof(Edge), compareCost);
E:\code\c\c++\TSPDS\LKH_LIB\SolveDelaunaySubproblems.c(189,20): warning :       |                    ^~~~~
  SolveKarpSubproblems.c
E:\code\c\c++\TSPDS\LKH_LIB\SolveKarpSubproblems.c(82,23): warning : conversion from ‘GainType’ {aka ‘long long int’} to ‘double’ may change value [-Wconversion]
E:\code\c\c++\TSPDS\LKH_LIB\SolveKarpSubproblems.c(82,23): warning :    82 |                 100.0 * (GlobalBestCost - Optimum) / Optimum);
E:\code\c\c++\TSPDS\LKH_LIB\SolveKarpSubproblems.c(82,23): warning :       |                       ^
E:\code\c\c++\TSPDS\LKH_LIB\SolveKarpSubproblems.c(82,52): warning : conversion from ‘GainType’ {aka ‘long long int’} to ‘double’ may change value [-Wconversion]
E:\code\c\c++\TSPDS\LKH_LIB\SolveKarpSubproblems.c(82,52): warning :    82 |                 100.0 * (GlobalBestCost - Optimum) / Optimum);
E:\code\c\c++\TSPDS\LKH_LIB\SolveKarpSubproblems.c(82,52): warning :       |                                                    ^
  SolveKCenterSubproblems.c
E:\code\c\c++\TSPDS\LKH_LIB\SolveKCenterSubproblems.c(58,23): warning : conversion from ‘GainType’ {aka ‘long long int’} to ‘double’ may change value [-Wconversion]
E:\code\c\c++\TSPDS\LKH_LIB\SolveKCenterSubproblems.c(58,23): warning :    58 |                 100.0 * (GlobalBestCost - Optimum) / Optimum);
E:\code\c\c++\TSPDS\LKH_LIB\SolveKCenterSubproblems.c(58,23): warning :       |                       ^
E:\code\c\c++\TSPDS\LKH_LIB\SolveKCenterSubproblems.c(58,52): warning : conversion from ‘GainType’ {aka ‘long long int’} to ‘double’ may change value [-Wconversion]
E:\code\c\c++\TSPDS\LKH_LIB\SolveKCenterSubproblems.c(58,52): warning :    58 |                 100.0 * (GlobalBestCost - Optimum) / Optimum);
E:\code\c\c++\TSPDS\LKH_LIB\SolveKCenterSubproblems.c(58,52): warning :       |                                                    ^
E:\code\c\c++\TSPDS\LKH_LIB\SolveKCenterSubproblems.c(76,34): warning : conversion to ‘size_t’ {aka ‘long unsigned int’} from ‘int’ may change the sign of the result [-Wsign-conversion]
E:\code\c\c++\TSPDS\LKH_LIB\SolveKCenterSubproblems.c(76,34): warning :    76 |     Center = (Node **) calloc((K + 1), sizeof(Node *));
E:\code\c\c++\TSPDS\LKH_LIB\SolveKCenterSubproblems.c(76,34): warning :       |                               ~~~^~~~
E:\code\c\c++\TSPDS\LKH_LIB\SolveKCenterSubproblems.c(79,35): warning : conversion to ‘unsigned int’ from ‘int’ may change the sign of the result [-Wsign-conversion]
E:\code\c\c++\TSPDS\LKH_LIB\SolveKCenterSubproblems.c(79,35): warning :    79 |     Center[1] = &Node
  SolveKMeansSubproblems.c
E:\code\c\c++\TSPDS\LKH_LIB\SolveKMeansSubproblems.c(59,23): warning : conversion from ‘GainType’ {aka ‘long long int’} to ‘double’ may change value [-Wconversion]
E:\code\c\c++\TSPDS\LKH_LIB\SolveKMeansSubproblems.c(59,23): warning :    59 |                 100.0 * (GlobalBestCost - Optimum) / Optimum);
E:\code\c\c++\TSPDS\LKH_LIB\SolveKMeansSubproblems.c(59,23): warning :       |                       ^
E:\code\c\c++\TSPDS\LKH_LIB\SolveKMeansSubproblems.c(59,52): warning : conversion from ‘GainType’ {aka ‘long long int’} to ‘double’ may change value [-Wconversion]
E:\code\c\c++\TSPDS\LKH_LIB\SolveKMeansSubproblems.c(59,52): warning :    59 |                 100.0 * (GlobalBestCost - Optimum) / Optimum);
E:\code\c\c++\TSPDS\LKH_LIB\SolveKMeansSubproblems.c(59,52): warning :       |                                                    ^
E:\code\c\c++\TSPDS\LKH_LIB\SolveKMeansSubproblems.c(90,33): warning : conversion to ‘size_t’ {aka ‘long unsigned int’} from ‘int’ may change the sign of the result [-Wsign-conversion]
E:\code\c\c++\TSPDS\LKH_LIB\SolveKMeansSubproblems.c(90,33): warning :    90 |     Center = (Node *) calloc((K + 1), sizeof(Node));
E:\code\c\c++\TSPDS\LKH_LIB\SolveKMeansSubproblems.c(90,33): warning :       |                              ~~~^~~~
E:\code\c\c++\TSPDS\LKH_LIB\SolveKMeansSubproblems.c(91,37): warning : conversion to ‘size_t’ {aka ‘long unsigned int’} from ‘int’ may change the sign of the result [-Wsign-conversion]
E:\code\c\c++\TSPDS\LKH_LIB\SolveKMeansSubproblems.c(91,37): warning :    91 |     CenterRef = (Node **) calloc((K + 1), sizeof(Node *));
E:\code\c\c++\TSPDS\LKH_LIB\SolveKMeansSubproblems.c(91,37): warning :       |                                  ~~~^~~~
E:\code\c\c++\TSPDS\LKH_LIB\SolveKMeansSubproblems.c(92,33): warning : conversion to ‘size_t’ {aka ‘long unsigned int’} from ‘int’ may change the sign of the result [-Wsign-conversion]
E:\code\c\c++\TSPDS\LKH_LIB\SolveKMeansSubproblems.c(92,33): warning :    92 |     SumXc = (double *) calloc(K + 1, sizeof(double));
E:\code\c\c++\TSPDS\LKH_LIB\SolveKMeansSubproblems.c(92,33): warning :       |                               ~~^~~
E:\code\c\c++\TSPDS\LKH_LIB\SolveKMeansSubproblems.c(93,33): warning : conversion to ‘size_t’ {aka ‘long unsigned int’} from ‘int’ may change the sign of the result [-Wsign-conversion]
E:\code\c\c++\TSPDS\LKH_LIB\SolveKMeansSubproblems.c(93,33): warning :    93 |     SumYc = (double *) calloc(K + 1, sizeof(double));
E:\code\c\c++\TSPDS\LKH_LIB\SolveKMeansSubproblems.c(93,33): warning :       |                               ~~^~~
E:\code\c\c++\TSPDS\LKH_LIB\SolveKMeansSubproblems.c(94,33): warning : conversion to ‘size_t’ {aka ‘long unsigned int’} from ‘int’ may change the sign of the result [-Wsign-conversion]
E:\code\c\c++\TSPDS\LKH_LIB\SolveKMeansSubproblems.c(94,33): warning :    94 |     SumZc = (double *) calloc(K + 1, sizeof(double));
E:\code\c\c++\TSPDS\LKH_LIB\SolveKMeansSubproblems.c(94,33): warning :       |                               ~~^~~
E:\code\c\c++\TSPDS\LKH_LIB\SolveKMeansSubproblems.c(95,30): warning : conversion to ‘size_t’ {aka ‘long unsigned int’} from ‘int’ may change the sign of the result [-Wsign-conversion]
E:\code\c\c++\TSPDS\LKH_LIB\SolveKMeansSubproblems.c(95,30): warning :    95 |     Count = (int *) calloc(K + 1, sizeof(int));
E:\code\c\c++\TSPDS\LKH_LIB\SolveKMeansSubproblems.c(95,30): warning :       |                            ~~^~~
E:\code\c\c++\TSPDS\LKH_LIB\SolveKMeansSubproblems.c(96,33): warning : conversion to ‘size_t’ {aka ‘long unsigned int’} from ‘int’ may change the sign of the result [-Wsign-conversion]
E:\code\c\c++\TSPDS\LKH_LIB\SolveKMeansSubproblems.c(96,33): warning :    96 |     Movement = (int *) calloc(K + 1, sizeof(int));
E:\code\c\c++\TSPDS\LKH_LIB\SolveKMeansSubproblems.c(96,33): warning :       |                               ~~^~~
E:\code\c\c++\TSPDS\LKH_LIB\SolveKMeansSubproblems.c(97,29): warning : conversion to ‘size_t’ {aka ‘long unsigned int’} from ‘int’ may change the sign of the result [-Wsign-conversion]
E:\code\c\c++\TSPDS\LKH_LIB\SolveKMeansSubproblems.c(97,29): warning :    97 |     MMax = (int *) calloc(K + 1, sizeof(int));
E:\code\c\c++\TSPDS\LKH_LIB\SolveKMeansSubproblems.c(97,29): warning :       |                           ~~^~~
E:\code\c\c++\TSPDS\LKH_LIB\SolveKMeansSubproblems.c(98,39): warning : conversion to ‘long unsigned int’ from ‘int’ may change the sign of the result [-Wsign-conversion]
E:\code\c\c++\TSPDS\LKH_LIB\SolveKMeansSubproblems.c(98,39): warning :    98 |     Perm = (Node **) malloc(Dimension * sizeof(Node *));
E:\code\c\c++\TSPDS\LKH_LIB\SolveKMeansSubproblems.c(98,39): warning :       |                                       ^
E:\code\c\c++\TSPDS\LKH_LIB\SolveKMeansSubproblems.c(104,22): warning : conversion to ‘unsigned int’ from ‘int’ may change the sign of the result [-Wsign-conversion]
E:\code\c\c++\TSPDS\LKH_LIB\SolveKMeansSubproblems.c(104,22): warning :   104 |         i = Random() % j;
E:\code\c\c++\TSPDS\LKH_LIB\SolveKMeansSubproblems.c(104,22): warning :       |                      ^
E:\code\c\c++\TSPDS\LKH_LIB\SolveKMeansSubproblems.c(104,13): warning : conversion to ‘int’ from ‘unsigned int’ may change the sign of the result [-Wsign-conversio
  SolveRoheSubproblems.c
E:\code\c\c++\TSPDS\LKH_LIB\SolveRoheSubproblems.c(94,22): warning : conversion to ‘unsigned int’ from ‘int’ may change the sign of the result [-Wsign-conversion]
E:\code\c\c++\TSPDS\LKH_LIB\SolveRoheSubproblems.c(94,22): warning :    94 |         i = Random() % Remaining;
E:\code\c\c++\TSPDS\LKH_LIB\SolveRoheSubproblems.c(94,22): warning :       |                      ^
E:\code\c\c++\TSPDS\LKH_LIB\SolveRoheSubproblems.c(94,13): warning : conversion to ‘int’ from ‘unsigned int’ may change the sign of the result [-Wsign-conversion]
E:\code\c\c++\TSPDS\LKH_LIB\SolveRoheSubproblems.c(94,13): warning :    94 |         i = Random() % Remaining;
E:\code\c\c++\TSPDS\LKH_LIB\SolveRoheSubproblems.c(94,13): warning :       |             ^~~~~~
E:\code\c\c++\TSPDS\LKH_LIB\SolveRoheSubproblems.c(94,13): warning : /home/qbw/projects/T
  SolveSFCSubproblems.c
E:\code\c\c++\TSPDS\LKH_LIB\SolveSFCSubproblems.c(29,44): warning : conversion to ‘long unsigned int’ from ‘int’ may change the sign of the result [-Wsign-conversion]
E:\code\c\c++\TSPDS\LKH_LIB\SolveSFCSubproblems.c(29,44): warning :    29 |     Suc = (Node **) malloc((1 + Dimension) * sizeof(Node *));
E:\code\c\c++\TSPDS\LKH_LIB\SolveSFCSubproblems.c(29,44): warning :       |                                            ^
E:\code\c\c++\TSPDS\LKH_LIB\SolveSFCSubproblems.c(37,35): warning : conversion to ‘unsigned int’ from ‘int’ may change the sign of the result [-Wsign-conversion]
E:\code\c\c++\TSPDS\LKH_LIB\SolveSFCSubproblems.c(37,35): warning :    37 |     FirstNode = &NodeSet[Random() % Dimension + 1];
E:\code\c\c++\TSPDS\LKH_LIB\SolveSFCSubproblems.c(37,35): warning :       |                                   ^
E:\code\c\c++\TSPDS\LKH_LIB\SolveSFCSubproblems.c(88,23): warning : conversion from ‘GainType’ {aka ‘long long int’} to ‘double’ may change value [-Wconversion]
E:\code\c\c++\TSPDS\LKH_LIB\SolveSFCSubproblems.c(88,23): warning :    88 |                 100.0 * (GlobalBestCost - Optimum) / Optimum);
E:\code\c\c++\TSPDS\LKH_LIB\SolveSFCSubproblems.c(88,23): warning :       |                       ^
  SolveSubproblem.c
E:\code\c\c++\TSPDS\LKH_LIB\SolveSubproblem.c(273,35): warning : conversion from ‘GainType’ {aka ‘long long int’} to ‘double’ may change value [-Wconversion]
E:\code\c\c++\TSPDS\LKH_LIB\SolveSubproblem.c(273,35): warning :   273 |                             100.0 * (GlobalCost -
E:\code\c\c++\TSPDS\LKH_LIB\SolveSubproblem.c(273,35): warning :       |                                   ^
  SolveSubproblemBorderProblems.c
E:\code\c\c++\TSPDS\LKH_LIB\SolveSubproblemBorderProblems.c(37,59): warning : conversion to ‘long unsigned int’ from ‘int’ may change the sign of the result [-Wsign-conversion]
E:\code\c\c++\TSPDS\LKH_LIB\SolveSubproblemBorderProblems.c(37,59): warning :    37 |     SubproblemSaved = (int *) malloc((DimensionSaved + 1) * sizeof(int));
E:\code\c\c++\TSPDS\LKH_LIB\SolveSubproblemBorderProblems.c(37,59): warning :       |                                                           ^
E:\code\c\c++\TSPDS\LKH_LIB\SolveSubproblemBorderProblems.c(70,23): warning : conversion from ‘GainType’ {aka ‘long long int’} to ‘double’ may change value [-Wconversion]
E:\code\c\c++\TSPDS\LKH_LIB\SolveSubproblemBorderProblems.c(70,23): warning :    70 |                 100.0 * (*GlobalBestCost - Optimum) / Optimum);
E:\code\c\c++\TSPDS\LKH_LIB\SolveSubproblemBorderProblems.c(70,23): warning :       |                       ^
E:\code\c\c++\TSPDS\LKH_LIB\SolveSubproblemBorderProblems.c(70,53): warning : conversion from ‘GainType’ {aka ‘long long int’} to ‘double’ may change value [-Wconversion]
E:\code\c\c++\TSPDS\LKH_LIB\SolveSubproblemBorderProblems.c(70,53): warning :    70 |                 100.0 * (*GlobalBestCost - Optimum) / Optimum);
E:\code\c\c++\TSPDS\LKH_LIB\SolveSubproblemBorderProblems.c(70,53): warning :       |                                                     ^
E:\code\c\c++\TSPDS\LKH_LIB\SolveSubproblemBorderProblems.c(90,41): warning : conversion to ‘long unsigned int’ from ‘int’ may change the s
  SolveTourSegmentSubproblems.c
E:\code\c\c++\TSPDS\LKH_LIB\SolveTourSegmentSubproblems.c(29,35): warning : conversion to ‘unsigned int’ from ‘int’ may change the sign of the result [-Wsign-conversion]
E:\code\c\c++\TSPDS\LKH_LIB\SolveTourSegmentSubproblems.c(29,35): warning :    29 |     FirstNode = &NodeSet[Random() % Dimension + 1];
E:\code\c\c++\TSPDS\LKH_LIB\SolveTourSegmentSubproblems.c(29,35): warning :       |                                   ^
E:\code\c\c++\TSPDS\LKH_LIB\SolveTourSegmentSubproblems.c(29,35): warning : /home/qbw/pr
  SOP_InitialTour.c
E:\code\c\c++\TSPDS\LKH_LIB\SOP_InitialTour.c(32,46): warning : conversion to ‘long unsigned int’ from ‘int’ may change the sign of the result [-Wsign-conversion]
E:\code\c\c++\TSPDS\LKH_LIB\SOP_InitialTour.c(32,46): warning :    32 |     Fringe = (Node **) malloc(DimensionSaved * sizeof(Node *));
E:\code\c\c++\TSPDS\LKH_LIB\SOP_InitialTour.c(32,46): warning :       |                                              ^
E:\code\c\c++\TSPDS\LKH_LIB\SOP_InitialTour.c(33,44): warning : conversion to ‘long unsigned int’ from ‘int’ may change the sign of the result [-Wsign-conversion]
E:\code\c\c++\TSPDS\LKH_LIB\SOP_InitialTour.c(33,44): warning :    33 |     Subset = (int *) malloc(DimensionSaved * sizeof(int));
E:\code\c\c++\TSPDS\LKH_LIB\SOP_InitialTour.c(33,44): warning :       |                                            ^
E:\code\c\c++\TSPDS\LKH_LIB\SOP_InitialTour.c(46,41): warning : conversion to ‘unsigned int’ from ‘int’ may change the sign of the result [-Wsign-conversion]
E:\code\c\c++\TSPDS\LKH_LIB\SOP_InitialTour.c(46,61): warning : conversion to ‘unsigned int’ from ‘int’ may change the sign of the result [-Wsign-conversion]
E:\code\c\c++\TSPDS\LKH_LIB\SOP_InitialTour.c(46,50): warning : conversion to ‘unsigned int’ from ‘int’ may change the sign of the result [-Wsign-conversion]
E:\code\c\c++\TSPDS\LKH_LIB\SOP_InitialTour.c(46,13): warning : conversion to ‘int’ from ‘unsigned int’ may change the sign of the result [-Wsign-conversion]
E:\code\c\c++\TSPDS\LKH_LIB\SOP_InitialTour.c(100,46): warning : conversion from ‘GainType’ {aka ‘long long int’} to ‘double’ may change value [-Wconversion]
E:\code\c\c++\TSPDS\LKH_LIB\SOP_InitialTour.c(100,46): warning :   100 |             printff(", Gap = %0.2f%%", 100.0 * (Cost - Optimum) / Optimum);
E:\code\c\c++\TSPDS\LKH_LIB\SOP_InitialTour.c(100,46): warning :       |                                              ^
E:\code\c\c++\TSPDS\LKH_LIB\SOP_InitialTour.c(100,65): warning : conversion from ‘GainType’ {aka ‘
  SOP_RepairTour.c
E:\code\c\c++\TSPDS\LKH_LIB\SOP_RepairTour.c(28,46): warning : conversion to ‘long unsigned int’ from ‘int’ may change the sign of the result [-Wsign-conversion]
E:\code\c\c++\TSPDS\LKH_LIB\SOP_RepairTour.c(28,46): warning :    28 |     Fringe = (Node **) malloc(DimensionSaved * sizeof(Node *));
E:\code\c\c++\TSPDS\LKH_LIB\SOP_RepairTour.c(28,46): warning :       |                                              ^
  SOP_Report.c
  Statistics.c
E:\code\c\c++\TSPDS\LKH_LIB\Statistics.c(79,27): warning : conversion from ‘GainType’ {aka ‘long long int’} to ‘double’ may change value [-Wconversion]
E:\code\c\c++\TSPDS\LKH_LIB\Statistics.c(79,27): warning :    79 |                     100.0 * (CostMin - _Optimum) / _Optimum,
E:\code\c\c++\TSPDS\LKH_LIB\Statistics.c(79,27): warning :       |                           ^
E:\code\c\c++\TSPDS\LKH_LIB\Statistics.c(79,50): warning : conversion from ‘GainType’ {aka ‘long long int’} to ‘double’ may change value [-Wconversion]
E:\code\c\c++\TSPDS\LKH_LIB\Statistics.c(79,50): warning :    79 |                     100.0 * (CostMin - _Optimum) / _Optimum,
E:\code\c\c++\TSPDS\LKH_LIB\Statistics.c(79,50): warning :       |                                                  ^
E:\code\c\c++\TSPDS\LKH_LIB\Statistics.c(81,55): warning : conversion from ‘GainType’ {aka ‘long long int’} to ‘double’ may change value [-Wconversion]
E:\code\c\c++\TSPDS\LKH_LIB\Statistics.c(81,55): warning :    81 |                     100.0 * ((double) CostSum / _Runs -
E:\code\c\c++\TSPDS\LKH_LIB\Statistics.c(81,55): warning :       |                                                       ^
E:\code\c\c++\TSPDS\LKH_LIB\Statistics.c(82,40): warning : conversion from ‘GainType’ {aka ‘long long int’} to ‘double’ may change value [-Wconversion]
E:\code\c\c++\TSPDS\LKH_LIB\Statistics.c(82,40): warning :    82 |                              _Optimum) / _Optimum,
E:\code\c\c++\TSPDS\LKH_LIB\Statistics.c(82,40): warning :       |                                        ^
E:\code\c\c++\TSPDS\LKH_LIB\Statistics.c(84,27): warning : conversion from ‘GainType’ {aka ‘long long int’} to ‘double’ may change value [-Wconversion]
E:\code\c\c++\TSPDS\LKH_LIB\Statistics.c(84,27): warning :    84 |                     100.0 * (CostMax - _Optimum) / _Optimum);
E:\code\c\c++\TSPDS\LKH_LIB\Statistics.c(84,27): warning :       |                           ^
E:\code\c\c++\TSPDS\LKH_LIB\Statistics.c(84,50): warning : conversion from ‘GainType’ {aka ‘long long int’} to ‘double’ may change value [-Wconversion]
E:\code\c\c++\TSPDS\LKH_LIB\Statistics.c(84,50): warning :    84 |                     100.0 * (CostMax - _Optimum) / _Optimum);
E:\code\c\c++\TSPDS\LKH_LIB\Statistics.c(84,50): warning :       |                                                  ^
E:\code\c\c++\TSPDS\LKH_LIB\Statistics.c(99,27): warning : conversion from ‘GainType’ {aka ‘long long int’} to ‘double’ may change value [-Wconversion]
E:\code\c\c++\TSPDS\LKH_LIB\Statistics.c(99,27): warning :    99 |                     100.0 * (PenaltyMin - _Optimum) / _Optimum,
E:\code\c\c++\TSPDS\LKH_LIB\Statistics.c(99,27): warning :       |                           ^
E:\code\c\c++\TSPDS\LKH_LIB\Statistics.c(99,53): warning : conversion from ‘GainType’ {aka ‘long long int’} to ‘double’ may change value [-Wconversion]
E:\code\c\c++\TSPDS\LKH_LIB\Statistics.c(99,53): warning :    99 |                     100.0 * (PenaltyMin - _Optimum) / _Optimum,
E:\code\c\c++\TSPDS\LKH_LIB\Statistics.c(99,53): warning :       |                                                     ^
E:\code\c\c++\TSPDS\LKH_LIB\Statistics.c(101,58): warning : conversion from ‘GainType’ {aka ‘long long int’} to ‘double’ may change value [-Wconversion]
E:\code\c\c++\TSPDS\LKH_LIB\Statistics.c(101,58): warning :   101 |                     100.0 * ((double) PenaltySum / _Runs -
E:\code\c\c++\TSPDS\LKH_LIB\Statistics.c(101,58): warning :       |                                                          ^
E:\code\c\c++\TSPDS\LKH_LIB\Statistics.c(102,40): warning : conversion from ‘GainType’ {aka ‘long long int’} to ‘double’ may change value [-Wconversion]
E:\code\c\c++\TSPDS\LKH_LIB\Statistics.c(102,40): warning :   102 |                              _Optimum) / _Optimum,
E:\code\c\c++\TSPDS\LKH_LIB\Statistics.c(102,40): warning :       |                                        ^
E:\code\c\c++\TSPDS\LKH_LIB\Statistics.c(104,27): warning : conversion from ‘GainType’ {aka ‘long long int’} to ‘double’ may ch
  StatusReport.c
E:\code\c\c++\TSPDS\LKH_LIB\StatusReport.c(11,31): warning : conversion from ‘GainType’ {aka ‘long long int’} to ‘double’ may change value [-Wconversion]
E:\code\c\c++\TSPDS\LKH_LIB\StatusReport.c(11,31): warning :    11 |                         100.0 * (CurrentPenalty - Optimum) / Optimum);
E:\code\c\c++\TSPDS\LKH_LIB\StatusReport.c(11,31): warning :       |                               ^
E:\code\c\c++\TSPDS\LKH_LIB\StatusReport.c(11,60): warning : conversion from ‘GainType’ {aka ‘long long int’} to ‘double’ may change value [-Wconversion]
E:\code\c\c++\TSPDS\LKH_LIB\StatusReport.c(11,60): warning :    11 |                         100.0 * (CurrentPenalty - Optimum) / Optimum);
E:\code\c\c++\TSPDS\LKH_LIB\StatusReport.c(11,60): warning :       |                                                            ^
E:\code\c\c++\TSPDS\LKH_LIB\StatusReport.c(14,31): warning : conversion from ‘GainType’ {aka ‘long long int’} to ‘double’ may change value [-Wconversion]
E:\code\c\c++\TSPDS\LKH_LIB\StatusReport.c(14,31): warning :    14 |                         100.0 * (Cost - Optimum) / Optimum);
E:\code\c\c++\TSPDS\LKH_LIB\StatusReport.c(14,31): warning :       |                               ^
E:\code\c\c++\TSPDS\LKH_LIB\StatusReport.c(14,50): warning : conversion from ‘GainType’ {aka ‘long long int’} to ‘double’ may change value [-Wconversion]
E:\code\c\c++\TSPDS\LKH_LIB\StatusReport.c(14,50): warning :    14 |                         100.0 * (Cost - Optimum) / Optimum);
E:\code\c\c++\TSPDS\LKH_LIB\StatusReport.c(14,50): warning :       |                                                  ^
E:\code\c\c++\TSPDS\LKH_LIB\StatusReport.c(14,50): warning : /home/qbw/projects/TSPDS/LKH_LIB/Sta
  StoreTour.c
  STTSP2TSP.c
E:\code\c\c++\TSPDS\LKH_LIB\STTSP2TSP.c(19,43): warning : conversion to ‘long unsigned int’ from ‘int’ may change the sign of the result [-Wsign-conversion]
E:\code\c\c++\TSPDS\LKH_LIB\STTSP2TSP.c(19,43): warning :    19 |     Matrix = (int **) malloc(NewDimension * sizeof(int **));
E:\code\c\c++\TSPDS\LKH_LIB\STTSP2TSP.c(19,43): warning :       |                                           ^
E:\code\c\c++\TSPDS\LKH_LIB\STTSP2TSP.c(21,49): warning : conversion to ‘long unsigned int’ from ‘int’ may change the sign of the result [-Wsign-conversion]
E:\code\c\c++\TSPDS\LKH_LIB\STTSP2TSP.c(21,49): warning :    21 |         Matrix[i] = (int *) malloc(NewDimension * sizeof(int));
E:\code\c\c++\TSPDS\LKH_LIB\STTSP2TSP.c(21,49): warning :       |                                                 ^
E:\code\c\c++\TSPDS\LKH_LIB\STTSP2TSP.c(25,58): warning : conversion to ‘size_t’ {aka ‘long unsigned int’} from ‘int’ may change the sign of the result [-Wsign-conversion]
E:\code\c\c++\TSPDS\LKH_LIB\STTSP2TSP.c(25,58): warning :    25 |             N1->PathLength = (int *) calloc(NewDimension + 1, sizeof(int));
E:\code\c\c++\TSPDS\LKH_LIB\STTSP2TSP.c(25,58): warning :       |                                             ~~~~~~~~~~~~~^~~
E:\code\c\c++\TSPDS\LKH_LIB\STTSP2TSP.c(26,53): warning : conversion to ‘size_t’ {aka ‘long unsigned int’} from ‘int’ may change the sign of the result [-Wsign-conversion]
E:\code\c\c++\TSPDS\LKH_LIB\STTSP2TSP.c(26,53): warning :    26 |             N1->Path = (int **) calloc(NewDimension + 1, sizeof(int *));
E:\code\c\c++\TSPDS\LKH_LIB\STTSP2TSP.c(26,53): warning :       |                                        ~~~~~~~~~~~~~^~~
E:\code\c\c++\TSPDS\LKH_LIB\STTSP2TSP.c(38,65): warning : conversion to ‘
  SymmetrizeCandidateSet.c
  TrimCandidateSet.c
E:\code\c\c++\TSPDS\LKH_LIB\TrimCandidateSet.c(27,53): warning : conversion to ‘long unsigned int’ from ‘int’ may change the sign of the result [-Wsign-conversion]
E:\code\c\c++\TSPDS\LKH_LIB\TrimCandidateSet.c(27,53): warning :    27 |                                       (MaxCand + 1) * sizeof(Candidate));
E:\code\c\c++\TSPDS\LKH_LIB\TrimCandidateSet.c(27,53): warning :       |                                                     ^
  TSPDL_InitialTour.c
E:\code\c\c++\TSPDS\LKH_LIB\TSPDL_InitialTour.c(24,41): warning : conversion to ‘long unsigned int’ from ‘int’ may change the sign of the result [-Wsign-conversion]
E:\code\c\c++\TSPDS\LKH_LIB\TSPDL_InitialTour.c(24,41): warning :    24 |     T = (Node **) malloc(DimensionSaved * sizeof(Node *));
E:\code\c\c++\TSPDS\LKH_LIB\TSPDL_InitialTour.c(24,41): warning :       |                                         ^
E:\code\c\c++\TSPDS\LKH_LIB\TSPDL_InitialTour.c(33,14): warning : conversion to ‘size_t’ {aka ‘long unsigned int’} from ‘int’ may change the sign of the result [-Wsign-conversion]
E:\code\c\c++\TSPDS\LKH_LIB\TSPDL_InitialTour.c(33,14): warning :    33 |     qsort(T, DimensionSaved, sizeof(Node *), compare);
E:\code\c\c++\TSPDS\LKH_LIB\TSPDL_InitialTour.c(33,14): warning :       |              ^~~~~~~~~~~~~~
E:\code\c\c++\TSPDS\LKH_LIB\TSPDL_InitialTour.c(62,46): warning : conversion from ‘GainType’ {aka ‘long long int’} to ‘double’ may change value [-Wconversion]
E:\code\c\c++\TSPDS\LKH_LIB\TSPDL_InitialTour.c(62,46): warning :    62 |             printff(", Gap = %0.2f%%", 100.0 * (Cost - Optimum) / Optimum);
E:\code\c\c++\TSPDS\LKH_LIB\TSPDL_InitialTour.c(62,46): warning :       |                                              ^
E:\code\c\c++\TSPDS\LKH_LIB\TSPDL_InitialTour.c(62,65): warning : conve
  TSPTW_MakespanCost.c
E:\code\c\c++\TSPDS\LKH_LIB\TSPTW_MakespanCost.c(15,23): warning : conversion from ‘double’ to ‘GainType’ {aka ‘long long int’} may change value [-Wfloat-conversion]
E:\code\c\c++\TSPDS\LKH_LIB\TSPTW_MakespanCost.c(15,23): warning :    15 |                 Sum = N->Earliest;
E:\code\c\c++\TSPDS\LKH_LIB\TSPTW_MakespanCost.c(15,23): warning :       |                       ^
  TSPTW_Reduce.c
E:\code\c\c++\TSPDS\LKH_LIB\TSPTW_Reduce.c(11,35): warning : conversion to ‘long unsigned int’ from ‘int’ may change the sign of the result [-Wsign-conversion]
E:\code\c\c++\TSPDS\LKH_LIB\TSPTW_Reduce.c(11,35): warning :    11 |     R = (char **) malloc(((n + 1) * sizeof(char *)));
E:\code\c\c++\TSPDS\LKH_LIB\TSPTW_Reduce.c(11,35): warning :       |                                   ^
E:\code\c\c++\TSPDS\LKH_LIB\TSPTW_Reduce.c(11,35): warning : /home/qbw/pr
  VRPB_Reduce.c
  WriteCandidates.c
  WritePenalties.c
  WriteTour.c
E:\code\c\c++\TSPDS\LKH_LIB\WriteTour.c(103,36): warning : conversion to ‘size_t’ {aka ‘long unsigned int’} from ‘long int’ may change the sign of the result [-Wsign-conversion]
E:\code\c\c++\TSPDS\LKH_LIB\WriteTour.c(103,36): warning :   103 |         strncpy(NewName, Name, Pos - Name);
E:\code\c\c++\TSPDS\LKH_LIB\WriteTour.c(103,36): warning :       |                                ~~~~^~~~~~
E:\code\c\c++\TSPDS\LKH_LIB\WriteTour.c(119,39): warning : conversion to ‘long unsigned int’ from ‘int’ may change the sign of the result [-Wsign-conversion]
E:\code\c\c++\TSPDS\LKH_LIB\WriteTour.c(119,39): warning :   119 |     Frq = (int *) malloc((Groups + 1) * sizeof(int));
E:\code\c\c++\TSPDS\LKH_LIB\WriteTour.c(119,39): warning :       |                                       ^
E:\code\c\c++\TSPDS\LKH_LIB\WriteTour.c(121,37): warning : conversion to ‘long unsigned int’ from ‘int’ may change the sign of the result [-Wsign-conversion]
E:\code\c\c++\TSPDS\LKH_LIB\WriteTour.c(121,37): warning :   121 |         memset(Frq, 0, (Groups + 1) * sizeo
  LocalSearchOperators.cpp
E:\code\c\c++\TSPDS\TSPDSGraph.h(64,26): warning : conversion from ‘double’ to ‘int’ may change value [-Wfloat-conversion]
E:\code\c\c++\TSPDS\TSPDSGraph.h(71,17): warning : conversion from ‘double’ to ‘int’ may change value [-Wfloat-conversion]
E:\code\c\c++\TSPDS\TSPDSGraph.h(71,17): warning :    71 |         return (v);
E:\code\c\c++\TSPDS\TSPDSGraph.h(71,17): warning :       |                 ^
E:\code\c\c++\TSPDS\TSPDSGraph.h(76,28): warning : conversion from ‘std::vector<std::pair<double, double> >::size_type’ {aka ‘long unsigned int’} to ‘int’ may change value [-Wconversion]
E:\code\c\c++\TSPDS\TSPDSGraph.h(76,28): warning :    76 |         int n = coords.size();
E:\code\c\c++\TSPDS\TSPDSGraph.h(76,28): warning :       |                 ~~~~~~~~~~~^~
E:\code\c\c++\TSPDS\LocalSearchOperators.cpp(22,53): warning : conversion from ‘long long int’ to ‘double’ may change value [-Wconversion]
E:\code\c\c++\TSPDS\LocalSearchOperators.cpp(23,57): warning : conversion from ‘long long int’ to ‘double’ may change value [-Wconversion]
E:\code\c\c++\TSPDS\LocalSearchOperators.cpp(24,59): warning : conversion from ‘long long int’ to ‘double’ may change value [-Wconversion]
E:\code\c\c++\TSPDS\LocalSearchOperators.cpp(80,18): warning : unused variable ‘EPS_S’ [-Wunused-variable]
E:\code\c\c++\TSPDS\LocalSearchOperators.cpp(80,18): warning :    80 |     const double EPS_S = 1e-9;
E:\code\c\c++\TSPDS\LocalSearchOperators.cpp(80,18): warning :       |                  ^~~~~
E:\code\c\c++\TSPDS\LocalSearchOperators.cpp(272,45): warning : conversion from ‘double’ to ‘int’ may change value [-Wfloat-conversion]
E:\code\c\c++\TSPDS\LocalSearchOperators.cpp(272,45): warning :   272 |         int topK_big = (int)fastCand.size() * params.golbal_attemp_per_truck;
E:\code\c\c++\TSPDS\LocalSearchOperators.cpp(272,45): warning :       |                        ~~~~~~~~~~~~~~~~~~~~~^~~~~~~~~~~~~~~~~~~~~~~~~~~~~~~~
E:\code\c\c++\TSPDS\LocalSearchOperators.cpp(394,33): warning : conversion from ‘double’ to ‘int’ may change value [-Wfloat-conversion]
E:\code\c\c++\TSPDS\LocalSearchOperators.cpp(394,33): warning :   394 |   int pool = (int)ranked.size() * params.golbal_attemp_per_drone;
E:\code\c\c++\TSPDS\LocalSearchOperators.cpp(394,33): warning :       |              ~~~~~~~~~~~~~~~~~~~^~~~~~~~~~~~~~~~~~~~~~~~~~~~~~~~
E:\code\c\c++\TSPDS\LocalSearchOperators.cpp(334,18): warning : unused variable ‘EPS’ [-Wunused-variable]
E:\code\c\c++\TSPDS\LocalSearchOperators.cpp(334,18): warning :   334 |     const double EPS = 1e-9;
E:\code\c\c++\TSPDS\LocalSearchOperators.cpp(334,18): warning :       |                  ^~~
E:\code\c\c++\TSPDS\LocalSearchOperators.cpp(339,9): warning : unused variable ‘iter’ [-Wunused-variable]
E:\code\c\c++\TSPDS\LocalSearchOperators.cpp(339,9): warning :   339 |     int iter = 0;
E:\code\c\c++\TSPDS\LocalSearchOperators.cpp(339,9): warning :       |         ^~~~
E:\code\c\c++\TSPDS\LocalSearchOperators.cpp(591,48): warning : conversion from ‘double’ to ‘int’ may change value [-Wfloat-conversion]
E:\code\c\c++\TSPDS\LocalSearchOperators.cpp(591,48): warning :   591 |         int K = params.golbal_attemp_per_truck * (int)truckScores.size();
E:\code\c\c++\TSPDS\LocalSearchOperators.cpp(591,48): warning :       |                 ~~~~~~~~~~~~~~~~~~~~~~~~~~~~~~~^~~~~~~~~~~~~~~~~~~~~~~~~
E:\code\c\c++\TSPDS\LocalSearchOperators.cpp(592,48): warning : conversion from ‘double’ to ‘int’ may change value [-Wfloat-conversion]
E:\code\c\c++\TSPDS\LocalSearchOperators.cpp(592,48): warning :   592 |         int L = params.golbal_attemp_per_drone * (int)droneScores.size();
E:\code\c\c++\TSPDS\LocalSearchOperators.cpp(592,48): warning :       |                 ~~~~~~~~~~~~~~~~~~~~~~~~~~~~~~~^~~~~~~~~~~~~~~~~~~~~~~~~
E:\code\c\c++\TSPDS\LocalSearchOperators.cpp(866,37): warning : conversion from ‘std::unordered_map<int, std::vector<int> >::size_type’ {aka ‘long unsigned int’} to ‘int’ may change value [-Wconversion]
E:\code\c\c++\TSPDS\LocalSearchOperators.cpp(866,37): warning :   866 |     int m = S.drone_assignments.size(); // 如果你的字段不是这个名字，改一下
E:\code\c\c++\TSPDS\LocalSearchOperators.cpp(866,37): warning :       |             ~~~~~~~~~~~~~~~~~~~~~~~~^~
E:\code\c\c++\TSPDS\LocalSearchOperators.cpp(880,37): warning : conversion from ‘std::unordered_map<int, std::vector<int> >::size_type’ {aka ‘long unsigned int’} to ‘int’ may change value [-Wconversion]
E:\code\c\c++\TSPDS\LocalSearchOperators.cpp(880,37): warning :   880 |     int m = S.drone_assignments.size();
E:\code\c\c++\TSPDS\LocalSearchOperators.cpp(880,37): warning :       |             ~~~~~~~~~~~~~~~~~~~~~~~~^~
E:\code\c\c++\TSPDS\LocalSearchOperators.cpp(895,37): warning : conversion from ‘std::unordered_map<int, std::vector<int> >::size_type’ {aka ‘long unsigned int’} to ‘int’ may change value [-Wconversion]
E:\code\c\c++\TSPDS\LocalSearchOperators.cpp(895,37): warning :   895 |     int m = S.drone_assignments.size();
E:\code\c\c++\TSPDS\LocalSearchOperators.cpp(895,37): warning :       |             ~~~~~~~~~~~~~~~~~~~~~~~~^~
E:\code\c\c++\TSPDS\LocalSearchOperators.cpp(32,13): warning : ‘void printOpStats(const std::array<OpPerfStat, 32>&, const std::array<std::__cxx11::b
  PerturbationOperators.cpp
E:\code\c\c++\TSPDS\TSPDSGraph.h(64,26): warning : conversion from ‘double’ to ‘int’ may change value [-Wfloat-conversion]
E:\code\c\c++\TSPDS\TSPDSGraph.h(71,17): warning : conversion from ‘double’ to ‘int’ may change value [-Wfloat-conversion]
E:\code\c\c++\TSPDS\TSPDSGraph.h(71,17): warning :    71 |         return (v);
E:\code\c\c++\TSPDS\TSPDSGraph.h(71,17): warning :       |                 ^
E:\code\c\c++\TSPDS\TSPDSGraph.h(76,28): warning : conversion from ‘std::vector<std::pair<double, double> >::size_type’ {aka ‘long unsigned int’} to ‘int’ may change value [-Wconversion]
E:\code\c\c++\TSPDS\TSPDSGraph.h(76,28): warning :    76 |         int n = coords.size();
E:\code\c\c++\TSPDS\TSPDSGraph.h(76,28): warning :       |                 ~~~~~~~~~~~^~
E:\code\c\c++\TSPDS\PerturbationOperators.h(9,16): warning : ‘PerturbationOperators::utils’ will be initialized after [-Wreorder]
E:\code\c\c++\TSPDS\PerturbationOperators.h(9,16): warning :     9 |     TSPDSUtils utils;
E:\code\c\c++\TSPDS\PerturbationOperators.h(9,16): warning :       |                ^~~~~
E:\code\c\c++\TSPDS\PerturbationOperators.h(8,18): warning : ‘std::mt19937 PerturbationOperators::gen’ [-Wreorder]
E:\code\c\c++\TSPDS\PerturbationOperators.cpp(4,1): warning : when initialized here [-Wreorder]
E:\code\c\c++\TSPDS\PerturbationOperators.cpp(59,38): warning : conversion from ‘double’ to ‘int’ may change value [-Wfloat-conversion]
E:\code\c\c++\TSPDS\PerturbationOperators.cpp(59,38): warning :    59 |     int numToReassign = totalMovable * reassignRatio;
E:\code\c\c++\TSPDS\PerturbationOperators.cpp(59,38): warning :       |                         ~~~~~~~~~~~~~^~~~~~~~~~~~~~~
E:\code\c\c++\TSPDS\PerturbationOperators.cpp(119,9): warning : unused variable ‘startEdge’ [-Wunused-variable]
E:\code\c\c++\TSPDS\PerturbationOperators.cpp(119,9): warning :   119 |     int startEdge = 0;
E:\code\c\c++\TSPDS\PerturbationOperators.cpp(119,9): warning :       |         ^~~~~~~~~
E:\code\c\c++\TSPDS\PerturbationOperators.cpp(146,23): warning : comparison of integer expressions of different signedness: ‘int’ and ‘std::vector<int>::size_type’ {aka ‘long unsigned int’} [-Wsign-compare]
E:\code\c\c++\TSPDS\PerturbationOperators.cpp(146,23): warning :   146 |     for (int i = 0; i < solution.truck_route.size(); ++i) {
E:\code\c\c++\TSPDS\PerturbationOperators.cpp(146,23): warning :       |                     ~~^~~~~~~~~~~~~~~~~~~~~~~~~~~~~
E:\code\c\c++\TSPDS\PerturbationOperators.cpp(146,23): warning : /home/qbw/projects/TSPDS/PerturbationOper
  TSPDS-main-anly.cpp
  TSPDS-main.cpp
E:\code\c\c++\TSPDS\TSPDSGraph.h(64,26): warning : conversion from ‘double’ to ‘int’ may change value [-Wfloat-conversion]
E:\code\c\c++\TSPDS\TSPDSGraph.h(71,17): warning : conversion from ‘double’ to ‘int’ may change value [-Wfloat-conversion]
E:\code\c\c++\TSPDS\TSPDSGraph.h(71,17): warning :    71 |         return (v);
E:\code\c\c++\TSPDS\TSPDSGraph.h(71,17): warning :       |                 ^
E:\code\c\c++\TSPDS\TSPDSGraph.h(76,28): warning : conversion from ‘std::vector<std::pair<double, double> >::size_type’ {aka ‘long unsigned int’} to ‘int’ may change value [-Wconversion]
E:\code\c\c++\TSPDS\TSPDSGraph.h(76,28): warning :    76 |         int n = coords.size();
E:\code\c\c++\TSPDS\TSPDSGraph.h(76,28): warning :       |                 ~~~~~~~~~~~^~
E:\code\c\c++\TSPDS\TSPDSSolver.h(261,27): warning : comparison of integer expressions of different signedness: ‘int’ and ‘std::vector<std::pair<double, double> >::size_type’ {aka ‘long unsigned int’} [-Wsign-compare]
E:\code\c\c++\TSPDS\TSPDSSolver.h(261,27): warning :   261 |         for (int i = 0; i < graph.nodes.size(); ++i) {
E:\code\c\c++\TSPDS\TSPDSSolver.h(261,27): warning :       |                         ~~^~~~~~~~~~~~~~~~~~~~
E:\code\c\c++\TSPDS\TSPDSSolver.h(278,27): warning : comparison of integer expressions of different signedness: ‘int’ and ‘std::vector<std::pair<double, double> >::size_type’ {aka ‘long unsigned int’} [-Wsign-compare]
E:\code\c\c++\TSPDS\TSPDSSolver.h(278,27): warning :   278 |         for (int i = 0; i < graph.nodes.size(); ++i) {
E:\code\c\c++\TSPDS\TSPDSSolver.h(278,27): warning :       |                         ~~^~~~~~~~~~~~~~~~~~~~
E:\code\c\c++\TSPDS\TSPDSSolver.h(295,47): warning : comparison of integer expressions of different signedness: ‘std::unordered_map<int, std::vector<int> >::size_type’ {aka ‘long unsigned int’} and ‘const int’ [-Wsign-compare]
E:\code\c\c++\TSPDS\TSPDSSolver.h(295,47): warning :   295 |         if (solution.drone_assignments.size() > graph.drone_count) {
E:\code\c\c++\TSPDS\TSPDSSolver.h(295,47): warning :       |             ~~~~~~~~~~~~~~~~~~~~~~~~~~~~~~~~~~^~~~~~~~~~~~~~~~~~~
E:\code\c\c++\TSPDS\TSPDSSolver.h(316,38): warning : comparison of integer expressions of different signedness: ‘int’ and ‘std::vector<std::pair<double, double> >::size_type’ {aka ‘long unsigned int’} [-Wsign-compare]
E:\code\c\c++\TSPDS\TSPDSSolver.h(316,38): warning :   316 |                 if (node < 0 || node >= graph.nodes.size()) {
E:\code\c\c++\TSPDS\TSPDSSolver.h(316,38): warning :       |                                 ~~~~~^~~~~~~~~~~~~~~~~~~~~
E:\code\c\c++\TSPDS\TSPDSSolver.h(403,32): warning : conversion from ‘size_t’ {aka ‘long unsigned int’} to ‘int’ may change value [-Wconversion]
E:\code\c\c++\TSPDS\TSPDSSolver.h(403,32): warning :   403 |                 stationPos = i + 1;
E:\code\c\c++\TSPDS\TSPDSSolver.h(403,32): warning :       |                              ~~^~~
E:\code\c\c++\TSPDS\TSPDSSolver.h(430,27): warning : comparison of integer expressions of different signedness: ‘int’ and ‘std::vector<std::pair<double, double> >::size_type’ {aka ‘long unsigned int’} [-Wsign-compare]
E:\code\c\c++\TSPDS\TSPDSSolver.h(430,27): warning :   430 |         for (int i = 0; i < graph.nodes.size(); ++i) {
E:\code\c\c++\TSPDS\TSPDSSolver.h(430,27): warning :       |                         ~~^~~~~~~~~~~~~~~~~~~~
/home/qbw/ibm/ILOG/CPLEX_Studio201/concert/include/ilconcert/iloenv.h(1928,10): warning : conversion from ‘IloInt’ {aka ‘long int’} to ‘IloNum’ {aka ‘double’} may change value [-Wconversion]
/home/qbw/ibm/ILOG/CPLEX_Studio201/concert/include/ilconcert/iloenv.h(1931,15): warning : conversion from ‘IloInt’ {aka ‘long int’} to ‘IloNum’ {aka ‘double’} may change value [-Wconversion]
/home/qbw/ibm/ILOG/CPLEX_Studio201/concert/include/ilconcert/iloenv.h(1956,10): warning : conversion from ‘IloInt’ {aka ‘long int’} to ‘IloNum’ {aka ‘double’} may change value [-Wconversion]
/home/qbw/ibm/ILOG/CPLEX_Studio201/concert/include/ilconcert/iloenv.h(1959,15): warning : conversion from ‘IloInt’ {aka ‘long int’} to ‘IloNum’ {aka ‘double’} may change value [-Wconversion]
E:\code\c\c++\TSPDS\TSPDS-main.cpp(742,18): warning : unused variable ‘seed’ [-Wunused-variable]
E:\code\c\c++\TSPDS\TSPDS-main.cpp(742,18): warning :   742 |         uint32_t seed = mix32(h);
E:\code\c\c++\TSPDS\TSPDS-main.cpp(742,18): warning :       |                  ^~~~
E:\code\c\c++\TSPDS\TSPDS-main.cpp(1072,45): warning : conversion from ‘std::chrono::duration<long int, std::ratio<1, 1000> >::rep’ {aka ‘long int’} to ‘double’ may change value [-Wconversion]
E:\code\c\c++\TSPDS\TSPDS-main.cpp(1072,45): warning :  1072 |                         << f2_duration.count() / 1000.0 << ","
E:\code\c\c++\TSPDS\TSPDS-main.cpp(1072,45): warning :       |                            ~~~~~~~~~~~~~~~~~^~
E:\code\c\c++\TSPDS\TSPDS-main.cpp(1110,55): warning : conversion from ‘std::chrono::duration<long int, std::ratio<1, 1000> >::rep’ {aka ‘long int’} to ‘double’ may change value [-Wconversion]
E:\code\c\c++\TSPDS\TSPDS-main.cpp(1239,55): warning : conversion from ‘std::chrono::duration<long int, std::ratio<1, 1000> >::rep’ {aka ‘long int’} to ‘double’ may change value [-Wconversion]
E:\code\c\c++\TSPDS\TSPDS-main.cpp(1554,51): warning : conversion from ‘int’ to ‘char’ may change value [-Wconversion]
E:\code\c\c++\TSPDS\TSPDS-main.cpp(1554,51): warning :  1554 |                             ex.status
  TSPDSSolver.cpp
E:\code\c\c++\TSPDS\TSPDSGraph.h(64,26): warning : conversion from ‘double’ to ‘int’ may change value [-Wfloat-conversion]
E:\code\c\c++\TSPDS\TSPDSGraph.h(71,17): warning : conversion from ‘double’ to ‘int’ may change value [-Wfloat-conversion]
E:\code\c\c++\TSPDS\TSPDSGraph.h(71,17): warning :    71 |         return (v);
E:\code\c\c++\TSPDS\TSPDSGraph.h(71,17): warning :       |                 ^
E:\code\c\c++\TSPDS\TSPDSGraph.h(76,28): warning : conversion from ‘std::vector<std::pair<double, double> >::size_type’ {aka ‘long unsigned int’} to ‘int’ may change value [-Wconversion]
E:\code\c\c++\TSPDS\TSPDSGraph.h(76,28): warning :    76 |         int n = coords.size();
E:\code\c\c++\TSPDS\TSPDSGraph.h(76,28): warning :       |                 ~~~~~~~~~~~^~
E:\code\c\c++\TSPDS\TSPDSSolver.h(261,27): warning : comparison of integer expressions of different signedness: ‘int’ and ‘std::vector<std::pair<double, double> >::size_type’ {aka ‘long unsigned int’} [-Wsign-compare]
E:\code\c\c++\TSPDS\TSPDSSolver.h(261,27): warning :   261 |         for (int i = 0; i < graph.nodes.size(); ++i) {
E:\code\c\c++\TSPDS\TSPDSSolver.h(261,27): warning :       |                         ~~^~~~~~~~~~~~~~~~~~~~
E:\code\c\c++\TSPDS\TSPDSSolver.h(278,27): warning : comparison of integer expressions of different signedness: ‘int’ and ‘std::vector<std::pair<double, double> >::size_type’ {aka ‘long unsigned int’} [-Wsign-compare]
E:\code\c\c++\TSPDS\TSPDSSolver.h(278,27): warning :   278 |         for (int i = 0; i < graph.nodes.size(); ++i) {
E:\code\c\c++\TSPDS\TSPDSSolver.h(278,27): warning :       |                         ~~^~~~~~~~~~~~~~~~~~~~
E:\code\c\c++\TSPDS\TSPDSSolver.h(295,47): warning : comparison of integer expressions of different signedness: ‘std::unordered_map<int, std::vector<int> >::size_type’ {aka ‘long unsigned int’} and ‘const int’ [-Wsign-compare]
E:\code\c\c++\TSPDS\TSPDSSolver.h(295,47): warning :   295 |         if (solution.drone_assignments.size() > graph.drone_count) {
E:\code\c\c++\TSPDS\TSPDSSolver.h(295,47): warning :       |             ~~~~~~~~~~~~~~~~~~~~~~~~~~~~~~~~~~^~~~~~~~~~~~~~~~~~~
E:\code\c\c++\TSPDS\TSPDSSolver.h(316,38): warning : comparison of integer expressions of different signedness: ‘int’ and ‘std::vector<std::pair<double, double> >::size_type’ {aka ‘long unsigned int’} [-Wsign-compare]
E:\code\c\c++\TSPDS\TSPDSSolver.h(316,38): warning :   316 |                 if (node < 0 || node >= graph.nodes.size()) {
E:\code\c\c++\TSPDS\TSPDSSolver.h(316,38): warning :       |                                 ~~~~~^~~~~~~~~~~~~~~~~~~~~
E:\code\c\c++\TSPDS\TSPDSSolver.h(403,32): warning : conversion from ‘size_t’ {aka ‘long unsigned int’} to ‘int’ may change value [-Wconversion]
E:\code\c\c++\TSPDS\TSPDSSolver.h(403,32): warning :   403 |                 stationPos = i + 1;
E:\code\c\c++\TSPDS\TSPDSSolver.h(403,32): warning :       |                              ~~^~~
E:\code\c\c++\TSPDS\TSPDSSolver.h(430,27): warning : comparison of integer expressions of different signedness: ‘int’ and ‘std::vector<std::pair<double, double> >::size_type’ {aka ‘long unsigned int’} [-Wsign-compare]
E:\code\c\c++\TSPDS\TSPDSSolver.h(430,27): warning :   430 |         for (int i = 0; i < graph.nodes.size(); ++i) {
E:\code\c\c++\TSPDS\TSPDSSolver.h(430,27): warning :       |                         ~~^~~~~~~~~~~~~~~~~~~~
E:\code\c\c++\TSPDS\TSPDSSolver.h(25,27): warning : ‘TSPDSSolver::perturbOps’ will be initialized after [-Wreorder]
E:\code\c\c++\TSPDS\TSPDSSolver.h(25,27): warning :    25 |     PerturbationOperators perturbOps;
E:\code\c\c++\TSPDS\TSPDSSolver.h(25,27): warning :       |                           ^~~~~~~~~~
E:\code\c\c++\TSPDS\TSPDSSolver.h(14,15): warning : ‘VNSLogger TSPDSSolver::logger’ [-Wreorder]
E:\code\c\c++\TSPDS\TSPDSSolver.h(14,15): warning :    14 |     VNSLogger logger;  // 添加日志记录器成员
E:\code\c\c++\TSPDS\TSPDSSolver.h(14,15): warning :       |               ^~~~~~
E:\code\c\c++\TSPDS\TSPDSSolver.cpp(35,1): warning : when initialized here [-Wreorder]
E:\code\c\c++\TSPDS\TSPDSSolver.h(29,16): warning : ‘TSPDSSolver::utils’ will be initialized after [-Wreorder]
E:\code\c\c++\TSPDS\TSPDSSolver.h(29,16): warning :    29 |     TSPDSUtils utils;
E:\code\c\c++\TSPDS\TSPDSSolver.h(29,16): warning :       |                ^~~~~
E:\code\c\c++\TSPDS\TSPDSSolver.h(27,26): warning : ‘LocalSearchOperators TSPDSSolver::localSearchOps’ [-Wreorder]
E:\code\c\c++\TSPDS\TSPDSSolver.h(27,26): warning :    27 |     LocalSearchOperators localSearchOps;
E:\code\c\c++\TSPDS\TSPDSSolver.h(27,26): warning :       |                          ^~~~~~~~~~~~~~
E:\code\c\c++\TSPDS\TSPDSSolver.cpp(35,1): warning : when initialized here [-Wreorder]
E:\code\c\c++\TSPDS\TSPDSSolver.h(25,27): warning : ‘TSPDSSolver::perturbOps’ will be initialized after [-Wreorder]
E:\code\c\c++\TSPDS\TSPDSSolver.h(25,27): warning :    25 |     PerturbationOperators perturbOps;
E:\code\c\c++\TSPDS\TSPDSSolver.h(25,27): warning :       |                           ^~~~~~~~~~
E:\code\c\c++\TSPDS\TSPDSSolver.h(14,15): warning : ‘VNSLogger TSPDSSolver::logger’ [-Wreorder]
E:\code\c\c++\TSPDS\TSPDSSolver.h(14,15): warning :    14 |     VNSLogger logger;  // 添加日志记录器成员
E:\code\c\c++\TSPDS\TSPDSSolver.h(14,15): warning :       |               ^~~~~~
E:\code\c\c++\TSPDS\TSPDSSolver.cpp(41,1): warning : when initialized here [-Wreorder]
E:\code\c\c++\TSPDS\TSPDSSolver.h(29,16): warning : ‘TSPDSSolver::utils’ will be initialized after [-Wreorder]
E:\code\c\c++\TSPDS\TSPDSSolver.h(29,16): warning :    29 |     TSPDSUtils utils;
E:\code\c\c++\TSPDS\TSPDSSolver.h(29,16): warning :       |                ^~~~~
E:\code\c\c++\TSPDS\TSPDSSolver.h(27,26): warning : ‘LocalSearchOperators TSPDSSolver::localSearchOps’ [-Wreorder]
E:\code\c\c++\TSPDS\TSPDSSolver.h(27,26): warning :    27 |     LocalSearchOperators localSearchOps;
E:\code\c\c++\TSPDS\TSPDSSolver.h(27,26): warning :       |                          ^~~~~~~~~~~~~~
E:\code\c\c++\TSPDS\TSPDSSolver.cpp(41,1): warning : when initialized here [-Wreorder]
E:\code\c\c++\TSPDS\TSPDSSolver.cpp(138,47): warning : conversion from ‘double’ to ‘int’ may change value [-Wfloat-conversion]
E:\code\c\c++\TSPDS\TSPDSSolver.cpp(138,47): warning :   138 |                 bestSolution.find_best_time = static_cast<double>(elapsedMs());
E:\code\c\c++\TSPDS\TSPDSSolver.cpp(138,47): warning :       |                                               ^~~~~~~~~~~~~~~~~~~~~~~~~~~~~~~~
E:\code\c\c++\TSPDS\TSPDSSolver.cpp(138,47): warning : /home/qbw/projects/TSPDS/TSPDSSol
  TSPDSUtils.cpp
E:\code\c\c++\TSPDS\TSPDSGraph.h(64,26): warning : conversion from ‘double’ to ‘int’ may change value [-Wfloat-conversion]
E:\code\c\c++\TSPDS\TSPDSGraph.h(71,17): warning : conversion from ‘double’ to ‘int’ may change value [-Wfloat-conversion]
E:\code\c\c++\TSPDS\TSPDSGraph.h(71,17): warning :    71 |         return (v);
E:\code\c\c++\TSPDS\TSPDSGraph.h(71,17): warning :       |                 ^
E:\code\c\c++\TSPDS\TSPDSGraph.h(76,28): warning : conversion from ‘std::vector<std::pair<double, double> >::size_type’ {aka ‘long unsigned int’} to ‘int’ may change value [-Wconversion]
E:\code\c\c++\TSPDS\TSPDSGraph.h(76,28): warning :    76 |         int n = coords.size();
E:\code\c\c++\TSPDS\TSPDSGraph.h(76,28): warning :       |                 ~~~~~~~~~~~^~
E:\code\c\c++\TSPDS\TSPDSUtils.cpp(274,23): warning : comparison of integer expressions of different signedness: ‘int’ and ‘std::vector<std::pair<double, double> >::size_type’ {aka ‘long unsigned int’} [-Wsign-compare]
E:\code\c\c++\TSPDS\TSPDSUtils.cpp(274,23): warning :   274 |     for (int i = 0; i < graph.nodes.size(); ++i) {
E:\code\c\c++\TSPDS\TSPDSUtils.cpp(274,23): warning :       |                     ~~^~~~~~~~~~~~~~~~~~~~
E:\code\c\c++\TSPDS\TSPDSUtils.cpp(291,23): warning : comparison of integer expressions of different signedness: ‘int’ and ‘std::vector<std::pair<double, double> >::size_type’ {aka ‘long unsigned int’} [-Wsign-compare]
E:\code\c\c++\TSPDS\TSPDSUtils.cpp(291,23): warning :   291 |     for (int i = 0; i < graph.nodes.size(); ++i) {
E:\code\c\c++\TSPDS\TSPDSUtils.cpp(291,23): warning :       |                     ~~^~~~~~~~~~~~~~~~~~~~
E:\code\c\c++\TSPDS\TSPDSUtils.cpp(308,43): warning : comparison of integer expressions of different signedness: ‘std::unordered_map<int, std::vector<int> >::size_type’ {aka ‘long unsigned int’} and ‘const int’ [-Wsign-compare]
E:\code\c\c++\TSPDS\TSPDSUtils.cpp(308,43): warning :   308 |     if (solution.drone_assignments.size() > graph.drone_count) {
E:\code\c\c++\TSPDS\TSPDSUtils.cpp(308,43): warning :       |         ~~~~~~~~~~~~~~~~~~~~~~~~~~~~~~~~~~^~~~~~~~~~~~~~~~~~~
E:\code\c\c++\TSPDS\TSPDSUtils.cpp(329,34): warning : comparison of integer expressions of different signedness: ‘int’ and ‘std::vector<std::pair<double, double> >::size_type’ {aka ‘long unsigned int’} [-Wsign-compare]
E:\code\c\c++\TSPDS\TSPDSUtils.cpp(329,34): warning :   329 |             if (node < 0 || node >= graph.nodes.size()) {
E:\code\c\c++\TSPDS\TSPDSUtils.cpp(329,34): warning :       |                             ~~~~~^~~~~~~~~~~~~~~~~~~~~
E:\code\c\c++\TSPDS\TSPDSUtils.cpp(416,28): warning : conversion from ‘size_t’ {aka ‘long unsigned int’} to ‘int’ may change value [-Wconversion]
E:\code\c\c++\TSPDS\TSPDSUtils.cpp(416,28): warning :   416 |             stationPos = i + 1;
E:\code\c\c++\TSPDS\TSPDSUtils.cpp(416,28): warning :       |                          ~~^~~
E:\code\c\c++\TSPDS\TSPDSUtils.cpp(443,23): warning : comparison of integer expressions of different signedness: ‘int’ and ‘std::vector<std::pair<double, double> >::size_type’ {aka ‘long unsigned int’} [-Wsign-compare]
E:\code\c\c++\TSPDS\TSPDSUtils.cpp(443,23): warning :   443 |     for (int i = 0; i < graph.nodes.size(); ++i) {
E:\code\c\c++\TSPDS\TSPDSUtils.cpp(443,23): warning :       |                     ~~^~~~~~~~~~~~~~~~~~~~
E:\code\c\c++\TSPDS\TSPDSUtils.cpp(497,23): warning : comparison of integer expressions of different signedness: ‘int’ and ‘std::vector<int>::size_type’ {aka ‘long unsigned int’} [-Wsign-compare]
E:\code\c\c++\TSPDS\TSPDSUtils.cpp(497,23): warning :   497 |     for (int i = 0; i < solution.truck_route.size() - 1; ++i) {
E:\code\c\c++\TSPDS\TSPDSUtils.cpp(497,23): warning :       |                     ~~^~~~~~~~~~~~~~~~~~~~~~~~~~~~~~~~~
E:\code\c\c++\TSPDS\TSPDSUtils.cpp(900,38): warning : conversion from ‘std::vector<int>::size_type’ {aka ‘long unsigned int’} to ‘int’ may change value [-Wconversion]
E:\code\c\c++\TSPDS\TSPDSUtils.cpp(900,38): warning :   900 |     int n = solution.truck_route.size();
E:\code\c\c++\TSPDS\TSPDSUtils.cpp(900,38): warning :       |             ~~~~~~~~~~~~~~~~~~~~~~~~~^~
E:\code\c\c++\TSPDS\TSPDSUtils.cpp(959,18): warning : conversion from ‘__gnu_cxx::__normal_iterator<int*, std::vector<int> >::difference_type’ {aka ‘long int’} to ‘int’ may change value [-Wconversion]
E:\code\c\c++\TSPDS\TSPDSUtils.cpp(959,18): warning :   959 |     int pos = it - solution.truck_route.begin();
E:\code\c\c++\TSPDS\TSPDSUtils.cpp(959,18): warning :       |               ~~~^~~~~~~~~~~~~~~~~~~~~~~~~~~~~~
E:\code\c\c++\TSPDS\TSPDSUtils.cpp(959,9): warning : unused variable ‘pos’ [-Wunused-variable]
E:\code\c\c++\TSPDS\TSPDSUtils.cpp(959,9): warning :   959 |     int pos = it - solution.truck_route.begin();
E:\code\c\c++\TSPDS\TSPDSUtils.cpp(959,9): warning :       |         ^~~
E:\code\c\c++\TSPDS\TSPDSUtils.cpp(976,38): warning : conversion from ‘std::vector<int>::size_type’ {aka ‘long unsigned int’} to ‘int’ may change value [-Wconversion]
E:\code\c\c++\TSPDS\TSPDSUtils.cpp(976,38): warning :   976 |     int n = solution.truck_route.size();
E:\code\c\c++\TSPDS\TSPDSUtils.cpp(976,38): warning :       |             ~~~~~~~~~~~~~~~~~~~~~~~~~^~
E:\code\c\c++\TSPDS\TSPDSUtils.cpp(1019,23): warning : conversion from ‘std::vector<int>::size_type’ {aka ‘long unsigned int’} to ‘int’ may change value [-Wconversion]
E:\code\c\c++\TSPDS\TSPDSUtils.cpp(1019,23): warning :  1019 |     int n = route.size();
E:\code\c\c++\TSPDS\TSPDSUtils.cpp(1019,23): warning :       |             ~~~~~~~~~~^~
E:\code\c\c++\TSPDS\TSPDSUtils.cpp(1019,9): warning : unused variable ‘n’ [-Wunused-va
  VNSLogger.cpp
E:\code\c\c++\TSPDS\TSPDSGraph.h(64,26): warning : conversion from ‘double’ to ‘int’ may change value [-Wfloat-conversion]
E:\code\c\c++\TSPDS\TSPDSGraph.h(71,17): warning : conversion from ‘double’ to ‘int’ may change value [-Wfloat-conversion]
E:\code\c\c++\TSPDS\TSPDSGraph.h(71,17): warning :    71 |         return (v);
E:\code\c\c++\TSPDS\TSPDSGraph.h(71,17): warning :       |                 ^
E:\code\c\c++\TSPDS\TSPDSGraph.h(76,28): warning : conversion from ‘std::vector<std::pair<double, double> >::size_type’ {aka ‘long unsigned int’} to ‘int’ may change value [-Wconversion]
E:\code\c\c++\TSPDS\TSPDSGraph.h(76,28): warning :    76 |         int n = coords.size();
E:\code\c\c++\TSPDS\TSPDSGraph.h(76,28): warning :       |                 ~~~~~~~~~~~^~
E:\code\c\c++\TSPDS\VNSLogger.h(23,26): warning : ‘VNSLogger::params’ will be initialized after [-Wreorder]
E:\code\c\c++\TSPDS\VNSLogger.h(23,26): warning :    23 |     TSPDSAlgorithmParams params;
E:\code\c\c++\TSPDS\VNSLogger.h(23,26): warning :       |                          ^~~~~~
E:\code\c\c++\TSPDS\VNSLogger.h(21,10): warning : ‘bool VNSLogger::logging_enabled’ [-Wreorder]
E:\code\c\c++\TSPDS\VNSLogger.h(21,10): warning :    21 |     bool logging_enabled;
E:\code\c\c++\TSPDS\VNSLogger.h(21,10): warning :       |          ^~~~~~~~~~~~~~~
E:\code\c\c++\TSPDS\VNSLogger.cpp(5,1): warning : when initialized here [-Wreorder]
E:\code\c\c++\TSPDS\VNSLogger.cpp(38,23): warning : comparison of integer expressions of different signedness: ‘int’ and ‘std::vector<std::pair<double, double> >::size_type’ {aka ‘long unsigned int’} [-Wsign-compare]
E:\code\c\c++\TSPDS\VNSLogger.cpp(38,23): warning :    38 |     for (int i = 0; i < graph.nodes.size(); ++i) {
E:\code\c\c++\TSPDS\VNSLogger.cpp(38,23): warning :       |                     ~~^~~~~~~~~~~~~~~~~~~~
E:\code\c\c++\TSPDS\VNSLogger.cpp(56,23): warning : comparison of integer expressions of different signedness: ‘int’ and ‘std::vector<std::pair<double, double> >::size_type’ {aka ‘long unsigned int’} [-Wsign-compare]
E:\code\c\c++\TSPDS\VNSLogger.cpp(56,23): warning :    56 |     for (int i = 0; i < graph.nodes.size(); ++i) {
E:\code\c\c++\TSPDS\VNSLogger.cpp(56,23): warning :       |                     ~~^~~~~~~~~~~~~~~~~~~~
E:\code\c\c++\TSPDS\VNSLogger.cpp(95,23): warning : comparison of integer expressions of different signedness: ‘int’ and ‘std::vector<std::vector<double> >::size_type’ {aka ‘long unsigned int’} [-Wsign-compare]
E:\code\c\c++\TSPDS\VNSLogger.cpp(95,23): warning :    95 |     for (int i = 0; i < graph.truck_time.size(); ++i) {
E:\code\c\c++\TSPDS\VNSLogger.cpp(95,23): warning :       |                     ~~^~~~~~~~~~~~~~~~~~~~~~~~~
E:\code\c\c++\TSPDS\VNSLogger.cpp(96,27): warning : comparison of integer expressions of different signedness: ‘int’ and ‘std::vector<double>::size_type’ {aka ‘long unsigned int’} [-Wsign-compare]
E:\code\c\c++\TSPDS\VNSLogger.cpp(96,27): warning :    96 |         for (int j = 0; j < graph.truck_time[i].size(); ++j) {
E:\code\c\c++\TSPDS\VNSLogger.cpp(96,27): warning :       |                         ~~^~~~~~~~~~~~~~~~~~~~~~~~~~~~
E:\code\c\c++\TSPDS\VNSLogger.cpp(120,23): warning : comparison of integer expressions of different signedness: ‘int’ and ‘std::vector<std::vector<double> >::size_type’ {aka ‘long unsigned int’} [-Wsign-compare]
E:\code\c\c++\TSPDS\VNSLogger.cpp(120,23): warning :   120 |     for (int i = 0; i < graph.drone_time.size(); ++i) {
E:\code\c\c++\TSPDS\VNSLogger.cpp(120,23): warning :       |                     ~~^~~~~~~~~~~~~~~~~~~~~~~~~
E:\code\c\c++\TSPDS\VNSLogger.cpp(121,27): warning : comparison of integer expressions of different signedness: ‘int’ and ‘std::vector<double>::size_type’ {aka ‘long unsigned int’} [-Wsign-compare]
E:\code\c\c++\TSPDS\VNSLogger.cpp(121,27): warning :   121 |         for (int j = 0; j < graph.drone_time[i].size(); ++j) {
E:\code\c\c++\TSPDS\VNSLogger.cpp(121,27): warning :       |                         ~~^~~~~~~~~~~~~~~~~~~~~~~~~~~~
E:\code\c\c++\TSPDS\VNSLogger.cpp(149,23): warning : comparison of integer expressions of different signedness: ‘int’ and ‘std::vector<std::pair<double, double> >::size_type’ {aka ‘long unsigned int’} [-Wsign-compare]
E:\code\c\c++\TSPDS\VNSLogger.cpp(149,23): warning :   149 |     for (int i = 0; i < graph.nodes.size(); ++i) {
E:\code\c\c++\TSPDS\VNSLogger.cpp(149,23): warning :       |                     ~~^~~~~~~~~~~~~~~~~~~~
E:\code\c\c++\TSPDS\VNSLogger.cpp(300,23): warning : compa
  正在链接对象
  TSPDS.vcxproj -> E:\code\c\c++\TSPDS\bin\x64\Debug\TSPDS.out
